id,flag,title,content
087245d7d96b4a31b0b273468924ada9,0,成都的友军前来助战，有问题私信我,成都的友军前来助战，有问题私信我
6429976baf3c4460ae121baa4edf225c,1,首次奔驰威霆座椅改装升级，内饰豪华更加舒适,　　一提起高端商务车大家就想到了，别克GL8、丰田埃尔法、奔驰威霆等，大部分都是外观夸张，动力强劲，经常用来重要场合的商务接待，当然乘坐舒适、内饰豪华大气上档次也是必不可少的。   　　威霆的体型在MPV中算是比较大的，定位为更高端的V级加长版，空间宽大为内饰改装留有余地，用途自然更靠拢商旅、家用等方向。  　　满足不同车主的需求，威霆本身在外观上几乎没有变动。 　　威霆的中控可以说是十分朴素，但是经过西安合正专业设计改装后从视觉上就有明显的变化，为了做到风格统一，方向盘、门板采用了桃木内饰装饰风格，质感
b34e7944676847ada1997aed1674e3e2,0,开超跑的提速那么快都要打个灯，开这个GL8货车的真以为自己是赛车手了？麻烦先去换个刹车片再野好不好，刹都刹不住,开超跑的提速那么快都要打个灯，开这个GL8货车的真以为自己是赛车手了？麻烦先去换个刹车片再野好不好，刹都刹不住
30bf06bc82dd4640b778221e89be4b0f,1,旅行车、MPV和SUV到底谁更适合家庭的长途自驾游？,　　家都爱出门旅行管简衣缩食穷游还挥金如土富游管开家里爱车出行自驾游还崇尚身体力行徒步驴行几乎爱旅行人之又随国内私家车保有量快速攀升自驾游已经什么出游方式中国物博开个车就能领略周遭各种风景针对当火热SUV市场快速攀升家用MPV市场以及历经坎坷旅行车市场哪种车型未来适合当家庭自驾游出行  　　旅行车空间比同级别轿车同时又兼顾轿车舒适只同样继承来还有较般通过性只看前脸几乎无法区分轿车旅行车也这种车型中最适合日常通勤当前国人对其接受度旅行车市场温火也就应文章开头说历经坎坷  　　综合评价舒适度★★★通过性★空间★★  　　MPV空间最优势而舒适度又输同级别旅行车国人对MPV印象可能停留在马路随处可见国民面包菱宏光商务接待GL8拉版轿车奥德赛抑或百万级别美式保姆车阿尔法其实随国内汽车实力增中国品牌中已经乏款价格空间卓越舒适度越级价格亲民适合家用MPV极适合家人途自驾游  　　综合评价舒适度★★★通过性★★空间★★★  　　SUV最优势就通过性硬派SUV通过性堪比越野车而目前市场热销城市SUV通过性虽打折扣但应对自驾游绰绰有余并且有错舒适度随胎政策全面开启后厂商推出7座版空间有改善过对比MPV仍有较差距较家庭成员较旅行装备就无法兼顾  　　SUV舒适度★★通过性★★★空间★★ 　　总结综合来最适合家庭自驾游出行莫过于MPV优秀空间既能保证途旅程中家人舒适装载量对于帐篷户外桌凳钓鱼竿甚至甚至尔夫球杆滑板鞋这些都统统在话MPV良通过性也能应对些非铺装道路当然如果能如果家庭成员或者旅行装备自驾游线路又烂路为主那么SUV个错选择而旅行车似乎只能满足两口之家途自驾需求
a3267ff19e05476cba1d3ceabe4af39a,0,打算什么时候买？一起的。,打算什么时候买？一起的。
c4db7850dd644c20b0a7a2e4eb701cde,0,官方说这个是最接近量产的概念车,官方说这个是最接近量产的概念车
d58c54533d1e4feda9a4198648b133a6,0,这是威霆改装的啊,这是威霆改装的啊
ac964d97bf014c2d9dd42a3d9555568e,1,我对比过 论操控 肯定艾力绅 奥德赛 论空间 地盘 噪音 gl8 完胜 然后就配置 肯定 两本 高点 gl8 想买到 自己想要的配置 得3699,我对比过 论操控 肯定艾力绅 奥德赛 论空间 地盘 噪音 gl8 完胜 然后就配置 肯定 两本 高点 gl8 想买到 自己想要的配置 得3699
971a6ce8a8b04fe49014d5ea09f73011,1,迈特威也烧机油的说 总体感觉就是简单好 粗暴 但是扎实 是感觉扎实 其实并不扎实 内饰和一般都挂不上边 电动门的开启也是简单粗暴的感觉 被中排座椅旋转夹了n次手 小圆桌也就那样 想在上边打麻将连想都不要想 小的可怜 四人一起趴上边吃饭头碰头 储物空间很,迈特威也烧机油的说 总体感觉就是简单好 粗暴 但是扎实 是感觉扎实 其实并不扎实 内饰和一般都挂不上边 电动门的开启也是简单粗暴的感觉 被中排座椅旋转夹了n次手 小圆桌也就那样 想在上边打麻将连想都不要想 小的可怜 四人一起趴上边吃饭头碰头 储物空间很
0f2d2cb18fe246c6897342d82e7a4dab,0,我的80多公里也亮了,我的80多公里也亮了
1a4e6b0846024353bd8a1493f63df8b2,1,新威霆简单商务风改装 简单升级,                  和大家一样，买车的时候考虑牌子，考虑使用频率，用途，考虑保养，考虑改装，考虑各种其实都不需要考虑的的东西，然后就开始纠结了。但无意中看到奔驰的新威霆，然后就什么纠结病都好了。了解之后，三大件和V260一样，长轴，于是就相中了最低配的。订车还加价，想到过年要用车就加价提了~~~~~~~~~~~~~~~~~~~~~~~~~~~~~~~~~华丽分割线~~~~~~~~~~~~~~~~~~~~~~~~~~~~~~~~由于提车没拍照片就上传了改装完成的外观图。加装前脸的电镀五件套，行李架，还有窗户的不锈钢饰条。都是马巴巴那里买的，后来发现改装厂的这些东西比马巴巴那里的还要便宜。马巴巴其实也挺坑的。省到连个收音机也不给装了，说买个奔驰商务车连个收音机都没有人家都没人信。改款之后的仪表台真是丑的来没法想象了。实在过意不去，在厂里定了全仪表台包覆，定了大屏导航改装，那个空调按钮移到下边，这样还稍微好看点。方向盘包真皮，变粗了~~~~~软软的，手感不错哦原装门板内饰侧板也进行了包覆，其他地方还保留了原装的黑色，整体采用了黑棕搭配，改装厂当初给的方案，弄好之后看着还是蛮漂亮，顶上装了整体的迈巴赫式顶灯，当然是仿得喽。拉手做了水转印烤漆，看着还挺漂亮咱再上传几张安装好椅子，完工的照片，一下子就和原来的新威霆体现出区别了，至于提升了多少仁者见仁智者见智。但对于当初厂家给的改装方案还是比较满意。对于我这嘉定留过学的人来说，给大家写这些已经是费了九牛二虎之力了，各位客官就自己欣赏吧。下面就传点细节图，自己看吧原来的顶，无亮点前排座椅手改电，加装了按摩，和加热。还挺好用的~~~以前的老威霆还是弄个全包住的，这个就整了这么一点，也是够省得了抠唆的福奔的给的下护板厂家给换掉了那个叫啥座椅背板小桌板翻起来也比较轻松质感不错磨砂挺好                                            ? 0                                         0人打赏：                           查看全部                                                          每笔打赏汽车之家抽取10%建设维护费！                                                          
cabe03e1b3c04b33ad8e3c749e4e69ee,0,那个灯带，往右旋转一下就开了，是示宽灯。,那个灯带，往右旋转一下就开了，是示宽灯。
b07142abb1fb46359e5f24fe85de5986,0,我一般把电动门关了，这样就可以空挡下人了,我一般把电动门关了，这样就可以空挡下人了
30fc7558699843939a2f17d4565293a1,0,日行灯原厂后备箱里和脚垫一起附带的。上牌前不让装,日行灯原厂后备箱里和脚垫一起附带的。上牌前不让装
ed7be7d6ed2549799742d6eb50aff0fb,1,别克GL8改装电动门西安作业,"                  &nbsp;&nbsp;GL8商务车缺少的透镜大灯，电动中门，电动尾门，中央扶手箱，吸顶屏，迎宾踏板，大屏导航，多功能方向盘，高配电镀门拉手，边饰条，装车后效果图大伙看看GL8胖头鱼安装电动中门，电动尾门，中央扶手箱，吸顶屏，迎宾踏板，高配把手施工开始中........边饰条，高配电镀把手，带灯迎宾踏板原车不带多功能按键的盘子换上带定速巡航和多媒体按键，瞬间高大上迎宾踏板效果图绒布座椅改装原厂带折皮座椅装完就是原车效果安装中央扶手箱效果还是很好很实用内饰拆空空，准备上扶手，座椅，电视.....吸顶屏同步导航效果电动尾门按键电动尾门的电动杆正在调试电动中门中.......里面也拆空空了顶灯开关原车自动中门按键中尾门电动安装完毕，洗洗车子准备交车17新款也有很多项目哦牌照还没挂,先搞个实用的，踏板，扶手箱实体扶手箱上车效果图，还不错吧17款车不少的安装中央扶手箱施工中......不能上视频是个遗憾啊！看图片应该可以不难看出装出来的效果就是顶配的效果哦，算是给低配车主的福音，胖头鱼升级件齐全，17新款还在完善中.........                                                 "
f61ecf5a452543b9ae48b14663db65db,0,2499不后悔,2499不后悔
4dad4d5917bd48f0b5b4278eb27e024b,1,老婆的最爱 别克 GL8 avenir，爱屋及乌我的大爱,"　　哈哈....提车有一个月了来到论坛就发个作业吧，从哪说起了，哦，那是一个风和日丽的周末（经典小学作文开头），我们来到了江岸边的小草坪，享受冬日里的暖阳···（快编不下去了）阳光正好，我拿起相机手起刀落，咔咔几声，把车身各处细节拍得淋漓尽致，欲知情况如何，请看我下文一一道来： 　　不过我不是在吐槽，而是表示高兴，这样的天气出去郊游野营什么的最合适了，所以我上周末call上了好友一起去江边散心，他爽快地答应了，还说让我带上媳妇，真当我傻，带上媳妇，肯定又会被念叨这啊那的，所以机智的我一口否决了。有个真心朋友，有时也真的叫人又爱又恨。我说，这次的重点，是看车，因为我还没提车他就开始跟我吹牛逼这车多好多霸气，引起了我强烈的好奇心，不就是台车，真正入手后才知道当初的选择是多么正确。  　　先来个正面的定妆照  　　侧面看上去，确实像那么一回事，还是挺高级的  　　俯拍角度来一个，机舱盖的线条很明显  　　尾灯流线很漂亮   　　华丽的酷炫的外形  　　全LED大灯非常漂亮，形状有点像柳叶，很修长，看着精神  　　转向提示灯嵌入在倒视镜里了  　　PROCONTACT系列轮胎，除了尺寸规格更高，据说静音性会更好。  　　尾部左侧有""GL8 Avenir""专属标识  　　这车最吊炸天的，还是中间排的座椅，毕竟这车是商务用车  　　更夸张的是，这个每天仅限20套的美国公牛皮座椅  　　后备箱空间很大  　　比较不同的是，档把是在中控台下方的  　　后排中间出了点烟器和充电插口"
b86d29d625744c809011414530c137c7,0,给大家分享一个福利！今天找到的！,　　闲鱼搜索，小丁爱梦丽！他家是配件商直接供货！大家买不买看看价格，真不错！  
2710ed26ad5a46f9938021e7f0060a5c,0,换了吗？我也正在考虑，旁边有个管子，怕地方不够大。,换了吗？我也正在考虑，旁边有个管子，怕地方不够大。
e7abd927aeea4ab2a8d8c9fdaf6c888d,0,用的真仔细 车主一定是个体面人,用的真仔细 车主一定是个体面人
7c898bf9d1a44bfa8a263f40ee73d8ca,1,请教大家！,　　是我的车音响有问题，还是这车的丹拿音响就真的很次，蓝牙放歌总感觉效果不是很满意，感觉人声部分有杂音，求教
25e0154a2c08487e91f4245fbd950243,1,座椅角度问题！求解决！,                  7座商务版，目前使用下来，就座椅来说感觉没必要换航空座椅，主要还是不想大动手脚，目前这个座椅唯一感觉不舒服的就是靠背角度调节太小，如果能稍微改一下，让调节角度再大点就好了，不知道有没有哪位大神，关注这方面，尝试改动过，如果有的话不吝赐教！                      
7ac77e67456b4d50be6c36522f9bae4c,0,2.5还有货 就不用考虑2.0T的,2.5还有货 就不用考虑2.0T的
b847b8c3ca7b4218aaed6cac4c968b6a,0,车行不可能优惠那么大哦，我问的两个4S，都差不多，汽博那家也问了，直接说没优惠,车行不可能优惠那么大哦，我问的两个4S，都差不多，汽博那家也问了，直接说没优惠
7e79916d55dc4a2eadfd92cc012a1b23,0,火花塞分为电阻、铂金、铱金三种样式，它们有各自大致的使用寿命。电子火花塞的更换周期是1.8至2.2万公里，而铂金的火花塞是3.5至4.5万公里，铱金火花塞使用寿命是6.5至7.5万公里左右。而在汽车怠速的时候，经常发生抖动很剧烈的情况，那就意味着火花塞应该更换了。,火花塞分为电阻、铂金、铱金三种样式，它们有各自大致的使用寿命。电子火花塞的更换周期是1.8至2.2万公里，而铂金的火花塞是3.5至4.5万公里，铱金火花塞使用寿命是6.5至7.5万公里左右。而在汽车怠速的时候，经常发生抖动很剧烈的情况，那就意味着火花塞应该更换了。
e0e8f3874a9f48eb9a799f5581343d86,0,我在台州你在哪里,我在台州你在哪里
9e9a9fce77c54f90ab96c764cf578267,0,我就只想问，副驾驶的安全气囊怎么处理的。,我就只想问，副驾驶的安全气囊怎么处理的。
1681d14df2f7468795e4a5bfe672c2a2,1,土豪为何人手一辆埃尔法，真的有那么多人需要保姆车吗？,　　保姆车作为个舶来词语其来源于香港明星日常用车般可以看作辆型MPV然而又比普通MPV空间加舒适以及加豪华 　　主要专门给明星们做饭化妆造型车子因为该车能像保姆样给明星提供日常所需活动故而名  　　普通众们或许通过几年《爸爸去哪儿》等真人秀节目才开始对保姆车有定解 　　然而除明星保姆车早就已经成为企业集团老总们必备车型而这些土豪们又尤其钟爱丰田旗埃尔法 　　真有那么人需要保姆车吗土豪们几乎人手辆埃尔法又有哪些过人之处  　　威尔法 　　其实经调查我们发现购买埃尔法这些所谓土豪们如前面所说除明星以外其实还有
151c2afa2e4e49028c4575e65460417c,0,好的 谢谢你,好的 谢谢你
ca6c3e3f8d2a40c4a8e03b2b4d251b88,1,哪位知道迈特威2018款会不会大改款？,                  内容如题，想明年入手迈特威，但是感觉仪表，手刹，第二排座位不是太如意！                      
619f167609cf44e7b4aef7ad6d855aba,0,哪里买的，这价格可以呀,哪里买的，这价格可以呀
b25b8637b2034a6983dacf2610a6ffab,0,我经常自己一人开，自我感觉挺好的，开大车的感觉超好，上一辆车是奥德赛,我经常自己一人开，自我感觉挺好的，开大车的感觉超好，上一辆车是奥德赛
8e981eef28b64cab88a10580e016a75f,0,人帅，车也帅！,人帅，车也帅！
64c073229f0049ab88a70187be93bc2d,0,"可以拉你进北京的商务车车友会,一块沟通交流","可以拉你进北京的商务车车友会,一块沟通交流"
a77d7c2add854b2ab5280e61d6ce861a,0,我觉得正常开启自然风下面应该是没有水的啊！不开压缩机就不会出现冷凝水啊！,我觉得正常开启自然风下面应该是没有水的啊！不开压缩机就不会出现冷凝水啊！
937ea1e889a14d3aa5c3d52bb4d3de79,0,奔驰威霆改装，西安合正奔驰半隔断内饰,　　奔驰威霆改装，西安合正奔驰半隔断内饰 　　奔驰威霆合正改装内饰将整车色系采用米黄色真皮，从而变得时尚动感，简洁大方。航空座椅的功能与舒适都让人尽数体验，厚实的靠背头枕加之红色的线条，一键操作的脚托与靠背，让人体得到舒适的享受。后排座椅中加入可拆卸小桌板，让办公生活轻松便捷。桃木内饰点缀的多媒体电视附带环绕音响系统，让温馨舒适呈现。实木木地板的出场带来家中温馨的感觉，同时在奢华之余附加便于打理的属性。     
375ed4c29541477caea02cae0586b248,1,新GL8座椅的新设计,　　前两代别克GL8留给人们最深刻的印象是什么？相信多数用户一定会提到它的舒适性。的确两代老车在座椅填充 　　物的选择上似乎有些过于强调舒适性了，刚一沾上座椅的乘客，后背就会直接“陷”入座椅中，起初这种坐姿较为 　　舒适，但是时间一久，缺乏支撑的座椅对于乘客的腰背部反而是一种负担。或许是看到了以往以“软”为主的座椅 　　确实不太适合长时间乘坐，全新GL8的设计团队便对新车的座椅进行了重新设计。今天我们从泛亚工程师们的口中了 　　解到不少新车座椅所采用的新理念和新技术，接下来就让我与大家一起分享这些有趣的信息，同时再来看看在座舱 　　其他方面，还有哪些值得注意的改进。 　　● 座椅支撑性得到了大幅改进。 　　作为一款主打商务牌的MPV，其最重要的是第二排的两个独立座椅，那么我们今天的介绍就先从这里开始吧。这 　　两个座椅是新车改进幅度最大的部分之一，经过设计团队的前期调研，他们得知不少老款GL8用户认为该车座椅虽然 　　舒适，但是缺乏必要的支撑，这使得长途旅行容易累计肌肉疲劳，所以新车座椅的改进首要目标是提高支撑性。据 　　透露新车座椅针对肩、腰、臀、腿四个区域的座椅型面进行了重新设计，除了达到舒适性和支撑性之间的平衡外， 　　还通过不断改进座椅型面来尽可能贴合人体，起到分散压力的作用。 　　新座椅的填充物有何不同呢？全新GL8座椅的填充物采用了经过DHH双硬度发泡工艺的海绵材料，通过制造工艺 　　的细微变化可生产出硬度不同的填充材料，其中较硬的海绵成为了座椅填充物的主要原料，少量较软的海绵则覆盖 　　在坐垫上层，使坐垫既能够获得足够的支撑性，短时间乘坐时也能为乘客提供一定的舒适性。 　　较硬的填充物应该在哪里发挥应有的支撑作用呢？工程师在此举了一个例子，比如靠背下方和坐垫后端接壤的 　　这部分，这里是人体尾骨和坐骨接触座椅的主要部分，当乘客以正常坐姿乘坐时这里也是座椅承受较大压力的区域。 　　为了尽可能分散此处的压力，减缓乘客疲劳，这里的填充物比靠背其他区域要更厚实些。另一处较为厚实的填充在 　　坐垫两侧，这里的主要功能是为腿部提供侧向支撑。工程师称人体大腿两侧的神经分布比臀部更密集，若此处缺乏 　　支撑的话也容易增加疲劳感，采用更厚实的填充物也是必须的。 　　● Avenir车型的菱格式样座椅为独有，地毯和顶篷材质也与众不同。 　　提到第二排座椅就不得不说到Avenir的菱格式样座椅。座椅牛皮面料的打孔工作由机器完成，但波纹状缝线则 　　是由工人手工缝制的，视觉上显得相当美观。当然这种需花费大量人工的座椅处理方式在一定程度上会影响Avenir 　　车型的产量。Avenir在座舱还采用了许多彰显独特个性的设计元素，诸如Alcantara面料的顶篷、专属的长绒脚垫以 　　及门内饰板上的菱格图案都显现出这款顶配车型的独特韵味。 　　● 电动腿托调节范围大，蝴蝶翼头枕为颈椎提供保护。 　　座椅不仅要能坐，还要能躺。值得注意的是，全新在GL8为部分中高配车型引入了腿托功能。新车的腿托采用8 　　连杆展开结构，展开角度大，官方公布的最大调节角度为60°。座椅靠背最大调节角度为70°，将靠背和腿托调节 　　到最大角度时，乘客基本处于完全平躺状态了。为了容纳腿托升起后乘客向前伸直的双腿，新车还将第二排座椅的 　　前后调节范围增加到315mm。第二排蝴蝶翼头枕为全系标配，相比以往车型也有了明显的提升，尤其是乘客需要在车 　　上小憩时，两侧护翼能够为头部起到很好的支撑，算是一件很讨人喜欢的配置。 　　头枕具有上下/前后/护翼角度总共6向调节，其前后调节形式与其他车型只是简单前后移动的方式不同，该头枕 　　采用的是类似角度调节的方式。工程师说这种形式的主要目的是为了尽可能贴合乘客的颈椎，在发生碰撞时能够最 　　大限度保障颈椎安全。头枕一侧的调节按钮也是经过多轮改进才最终确定的，初期研发时其位置几乎是靠设计人员 　　坐在座椅样机上靠手慢慢“摸”出来的，经过多次试验才最终找到了这个最顺手的位置。 　　还有一个关乎安全的改进是安全带的设计。老款GL8的安全带是设置在C柱上的，尽管座椅外侧细心地设置了一 　　个引导安全带的小挂钩，但系上安全带后不便于乘客调节座椅的前后位置，而且安全带对乘客的贴合度也不是很好 　　高。新车将安全带直接整合进了座椅内，不仅更便于乘客调节座椅的前后位置，贴合度问题也解决了。 　　第二排独立座椅周围的人性化设计也不少，就比如右侧座椅内侧隐藏的两个USB接口和一个储物槽，储物槽的 　　容积刚好可以放下两个手机或一个小点的平板电脑，不仅便于乘客将移动设备放在这里充电，即使一直捧着手机也 　　不用担心没电，算是相当花心思的设计。此外左侧座椅内侧还隐藏着两个杯架，不用的时候杯架可以塞回座椅内， 　　让出后排乘客的进出通道。老款GL8的杯架位于前排中央扶手后方，后排乘客拿取饮料时需 　　向前弯腰才能拿到，不如现在这个位置顺手。 　　● 第三排座椅可4/6放倒，高配车型增加扶手。 　　第三排座椅的变化也是非常明显的。首先新车的第三排座椅采用了4/6比例的放倒形式，灵活性表现依旧更高。 　　还记得此前有用户提到老款车型的第三排全系都没有中央扶手，当后排只乘坐两位乘客时总觉得少了一处搁手的地 　　方，好在全新GL8将这一配置考虑进去了，只是该中央扶手只有28T旗舰型以及顶配的Avenir才有。 　　当乘客置身于新车的第三排时，乘坐的憋闷感得到了一定的缓解，这主要得益于从前向后不断抬高的地板使得 　　后排座椅高于前排，更大的侧窗面积还带来了良好的视野，加上座舱的横向宽度略有增加，不适感自然得到了一定 　　的缓解。全新GL8不仅在座椅方面相比老车有了很大的提升，在动力以及驾乘品质上也有着明显的差异，感兴趣的朋 　　友您还可以点击进入《自我突破 别克新GL8 2.0T对比老GL8 3.0》了解新老两车的测试成绩和驾乘表现究竟如何。 　　● 总结： 　　谈及全新GL8与老款车型的变化，可以说此次改进确实是天翻地覆的。首先座椅的支撑表现提升特别明显，对 　　于那些长途乘车旅行的乘客来说终于不用总是被腰酸背痛困扰了。此外人性化设计和配置上也有了很明显的提升， 　　整合进第二排独立座椅内的安全带、隐藏在座椅一侧的USB接口等设施提升了便利性，表现值得肯定。可惜受制于 　　时间限制的影响，我们此次体验的时间并不长，未能实际体验新车座椅在长时间乘坐时能否有效发挥其在减缓肌 　　肉疲劳感上的作用，我们会在之后的全新GL8长测中作更深入的体验。 　　作为全系的顶配车型，Avenir在内饰豪华感的营造上也展现出了别克在营造豪华感上经验丰富的一面，椅面以 　　及门内饰板上的菱格式样图案、Alcantara材料顶篷以及长绒脚垫都让座舱的豪华感提升到了一个新的台阶，加上 　　之前介绍的这些新设计以及官方承诺的专属售后服务，更让这款车具有跻身高端商务MPV的能力。作为目前国内市 　　场卖得最好的MPV车型之一，我们有理由相信未来GL8一定还会在商务车或亦家亦商MPV行列中保持其领先优势。 
068c014a02a14a51945bbd7538c59ae0,0,看你开车水平啦，一般水平不到位也不会买这种车。停车的时候觉得车子有点长，很多时候都需要倒一把，还有掉头的时候转弯半径有点大，其他没觉得不方便，车宽也ok。,看你开车水平啦，一般水平不到位也不会买这种车。停车的时候觉得车子有点长，很多时候都需要倒一把，还有掉头的时候转弯半径有点大，其他没觉得不方便，车宽也ok。
95fdfa727aa840cc85812bb04fffa0f0,0,你说的那就不是迈特威了！,你说的那就不是迈特威了！
95c3d722d8fc417397878b5152c5e2e2,0,刚买一年的GL8开够了有没有想对换的,　　真实车主
1ad6cc266d5c42428835736c4288fa2a,0,请教下直接买高顶的好，还是自己改高顶？,　　最近想搞一辆高顶的，问下大家自己买车改装的话有什么风险吗？加高顶的话到时候上牌需要什么手续   　　，国内哪里改比较专业呢
3fe4c315055842b1a6d9f6e8eb566f3c,1,我也觉得黑的精神,我也觉得黑的精神
f2431cd58dff4e3586db6a8644e3dfe6,0,黑色，有现车联系我,黑色，有现车联系我
65d3ba6095294704b3bacd978215ef64,0,私信我哦，十年老店，全国连锁,私信我哦，十年老店，全国连锁
2c1f84172a8c44de8896aa19b957dffc,0,gl828T，低速左拐弯时，方向盘轻微震动一两下,　　gl828T，低速左拐弯慢打方向盘时，方向盘轻微震动一两下，手也有震感，大家遇到过没，什么原因呢
2b287ed536b24d44a7c68ea26ac333dc,0,号称“陆上游艇”的公羊2500商务房车用性价比在斯宾特和GMC竞争,　　号称“陆上游艇”的公羊2500商务房车用性价比在斯宾特和GMC竞争 　　号称“陆上游艇”的公羊2500商务房车用性价比在斯宾特和GMC竞争中突出重围——沪上首发           
5b8b6781810546b1ab23c1cbc3631841,0,奔驰威霆改装红色内饰房车，这私人订制简直没谁了,　　奔驰威霆改装红色内饰房车，这私人订制简直没谁了 　　全新奔驰威霆车身尺寸为5370*1928*2080mm，轴距长达3430mm，宽大的空间造就强大的改装潜力。奔驰威霆改装中国红内饰房车，传递喜庆、热闹、祥和的空间氛围，采用全隔断设计区别前后舱，加装了独立扬声器、旋转式航空座椅、电动沙发座椅、游艇级柚木地板、全景天窗、可变色的迈巴赫顶灯等奢华商务接待及家用车设备，这私人订制简直没谁了！ 　　奔驰威霆改装商务房车，驾驶舱座椅、扶手箱、门板、挡风板采用红色纳帕真皮包覆，展示高级奢华质感。主副驾驶以及门板进行软包的同时做了隔音处理，减少胎噪、风噪进入车内。扶手箱的车载冰箱升级成超大25升，拥有恒温加热或制冷恒温功能。除此之外搭载14寸显示屏和桃木多功能方向盘，西安合正的私人订制服务简直没谁了！ 　　来到奔驰威霆商务房车的核心区——后舱，采用全隔断与驾驶舱隔离，独立的空间布局方便大家各干其事和保留隐私，B柱处设有电话，方便前后舱联络。中国红被广泛用于车壁下面及座椅，奢华、尊贵的风采让众多商务精英为之倾倒。迈巴赫顶灯和周边灯饰条营造多种车内氛围，商务办公和家庭娱乐都可满足。 　　为了提高奔驰威霆的空间利用率，多功能隔断自然是高能满满，上面为影音系统，让乘坐人员随时随地享用视听盛宴；下面是一个隐藏了两个独立座椅的吧台，展开之后的座椅与总裁席面向，交流方便又提高车辆的承载力。吧台实木点缀的点缀恰到好处，清晰自然的纹理充满古典韵味，与中国红组成古典中国风。严密的商务窗帘可以保护车内隐私。 　　奔驰威霆商务车改装房车，第二排配有进口航空座椅，厉害之处在于其拥有常规的摩通、风加热、电动前后调节、电动腿托功能，还在于智能一体化中央扶手的设计，一键调节全车影音系统、空调系统、灯光系统。 　　调节升降可拆卸的桌面，便于日常商务办公置放文件、电脑或休闲娱乐时饮料食物的置放。 　　奔驰威霆改装中国红内饰房车，奢华的内饰还有韬光养晦之义，这私人订制简直没谁了！动力搭载是奔驰最新一代的2.0T涡轮增压汽油发动机，其最大输出功率为156kW，与之匹配的是7G-TRONIC PLUS七速手自一体变数系统，动力输出随心所欲，配合灵敏顺畅的自动挡，各种路况轻松搞定。     
3238ff93a1c942c9b1d0a369c02d66cd,0,方便透露哪家店吗,方便透露哪家店吗
b0614bc6deb14b6c9e4a43fa337cdf5c,0,迈特威双色优享版后视镜可以电动折叠吗？语音系统不能用？,　　迈特威双色优享版后视镜可以电动折叠吗？语音系统不能用？提示要激活？？
d3722118506d4d108042b375fe8039f8,1,顿挫的厉害 刹车降档拉拽的厉害 减速再加速还哐当一声不舒服,顿挫的厉害 刹车降档拉拽的厉害 减速再加速还哐当一声不舒服
352e5936593445b59006f907c19e8521,1,心目中的完美座驾，别克GL8Avenir与我驰骋疆场,　　其实在购入别克GL8Avenir之前已经有台座驾——奔驰GL500按说它作为型SUV空间舒适已经足够满足日常家用但座毕竟座空间再也只能坐个人否则便超载所以有时候想带家子出去旅游它空间又显那么捉襟见肘从这时候就想添置台座车作为家用对于它要求么肯定能太差舒适空间依然最主要价格问题但提车定要快车为人服务我可想为车苦苦等几个月转悠几家4S店符合我要求座车有有但由于买人提车需要等待时间……果断换当我步入别克4S店销售人员热情招待我仔细询问我对于车要求并为我推荐介绍别克豪华商旅车Avenir这款车重于内饰独特设计座椅采用手工缝制工艺车漆专属伯爵紫颜色同时拥有黑卡礼遇关键……全平顶山首台当时就心动于问提车能否尽快销售人员在跟公司领导沟通之后答应尽力给我从厂家要车那就它本人做事讲究点干净利索脆迅速交款等提车没想到Avenir还挺给力周之后便接到工作人员通知提车电话这效率必须要点赞啊  　　再次来到店内第眼便看到当时让我心动已Avenir  　　让我意外济源威佳店还为我提车举办次盛交车仪式  　　鲜花美食美酒……热闹让我都有点受宠若惊 　　甜点都写GL8~  　　接来该聊聊车首先外观给我感受就精致它中网采用细网格状金属质感中网据说这个设计灵感来源于中世纪苏格兰士兵身穿软甲搭配伯爵紫这样专属配色视觉效果棒  　　尾部LOGO处表明身份——这台Avenir 　　狭车门把手线条优雅气   　　Avenir轮毂18英寸与整车侧面造型比例协调同样也可以为车子带来抓力 　　在我看来它内部加精彩动人爱Avenir座椅质感前面个座椅都采用北美公牛皮包裹除手感细腻之外它们还真正手工定制据说每天产能还到20套在这里还要格外感谢4S店工作人员如果他们极力催促我肯定会这么快提到车——因为Avenir产能关键就卡在这套座椅 　　中控台设计以艺术感足简约为主优美线条勾勒出优美姿态令我赏心悦目   　　在我看来它内部加精彩动人爱Avenir座椅质感前面个座椅都采用北美公牛皮包裹除手感细腻之外它们还真正手工定制据说每天产能还到20套在这里还要格外感谢4S店工作人员如果他们极力催促我肯定会这么快提到车——因为Avenir产能关键就卡在这套座椅  　　中控台设计以艺术感足简约为主优美线条勾勒出优美姿态令我赏心悦目 　　每个角度看起来都那么美幅式方向盘手感非常舒适转向力度足够轻盈让我讶异于它这么车还这么开 　　每个按键阻尼感都错     　　这块真正木头面菱格纹造型浮雕跟座椅菱格纹相呼应  　　而我比较关注人性化设计在车内也随处可见比如中控台方有个可以伸缩杯架用时候推进去用时候再拉出来节省空间也在视觉达到简洁效果 　　目前用车感受其实并没有太想等用车段时间之后再来分享那样内容也有参考价值嘛 　　最后最后想要为家安利GL8 Avenir版提供端服务体验这种私人定制化服务深我心私人车辆管家私人空间私人养车计划等都对车主与车辆格外关怀每辆Avenir背后都有支由线线专业人员组成服务团队他们随时待命并提供最专业服务如果车主有要求还可以提供*对于我这经常飘洋在外人来说非常方便
729cee3af8bd40f2b13787a651f7438c,0,也不知道年底什么时候出 . 车展也不知道那是天 . 车展也是不出就没系了 . 该买买吧 . 你知道年底车展是那天么,也不知道年底什么时候出 . 车展也不知道那是天 . 车展也是不出就没系了 . 该买买吧 . 你知道年底车展是那天么
4bb5e586727245caaaca2097fefada79,0,有可能是哪个位置的电路受到干扰了吧，没改动的情况下不会有别的问题了,有可能是哪个位置的电路受到干扰了吧，没改动的情况下不会有别的问题了
73947750449b4ea0b32eeac313c55608,0,跪求个17以后车况完美的陆尊2.4.最好咖啡色,　　跪求个17以后车况完美的陆尊2.4。最好咖啡色
1d42dcc5ac7048419f5f81def1cfb2b7,0,有，我们这小地方没优惠,有，我们这小地方没优惠
a318d65a8628491f892e63e984e86fde,0,金九路不就有个4S店,金九路不就有个4S店
2a48fdba0bd346979b7ad279d309150f,1,28T旗舰，车跑热后，刹车踏板踩下感觉一卡一卡的,                  28T旗舰，车跑热后，刹车踏板踩下感觉一卡一卡的。冷车正常，差不多跑上1小时左右就有一卡一卡的感觉了                                                 
b6af9c39301c47d3897b26cdc49f6c08,0,都是金属漆，白色也是，白色叫白珍珠，其它的白不是金属漆,都是金属漆，白色也是，白色叫白珍珠，其它的白不是金属漆
a3ef0a170df64a3ab66921faf5113759,1,首先排除奥德赛，噪音太大，第二排除艾力绅，噪音比奥德赛强一点点，第三排除GL8，车身有点长，轴距有点大，停车不太方便，第四排除塞纳，第三排有点挤，第五排除埃尔法，价格有点贵。别的不太了解，你可以在日产贵士，福特途睿欧，大众迈特威，奔驰威霆，V260间选择一下，这几辆真不太懂,首先排除奥德赛，噪音太大，第二排除艾力绅，噪音比奥德赛强一点点，第三排除GL8，车身有点长，轴距有点大，停车不太方便，第四排除塞纳，第三排有点挤，第五排除埃尔法，价格有点贵。别的不太了解，你可以在日产贵士，福特途睿欧，大众迈特威，奔驰威霆，V260间选择一下，这几辆真不太懂
b9bc790a34c44d5a835353cbbaaf7089,0,感谢分享！,感谢分享！
1e28d5e5dc264a8da3fca008d57fd4b0,0,是啊，我想着之后也得买，不如现在买了完了，主要也富裕出一个牌照现在,是啊，我想着之后也得买，不如现在买了完了，主要也富裕出一个牌照现在
6ac515c23388495e86b843e0d06cf5fd,0,建议看看保养手册，厂家提供的数据和时间是在一种理想的状况下，按照保养手册上规定时间或里程保养就行,建议看看保养手册，厂家提供的数据和时间是在一种理想的状况下，按照保养手册上规定时间或里程保养就行
582e7b3f169647cfa67a368421ece0fd,0,新车最近优惠不少呢北京,新车最近优惠不少呢北京
1f5bff846acd43b99da7c54eb8313bc3,0,看来你没看懂，同样年限商务比家用跑得多，三年10万公里和三年5万公里能比？GL8还有很多营转非，你觉得价格能高。你看换代后奥德赛和艾力绅保值不？,看来你没看懂，同样年限商务比家用跑得多，三年10万公里和三年5万公里能比？GL8还有很多营转非，你觉得价格能高。你看换代后奥德赛和艾力绅保值不？
8f7fcca6b1a9477e80fd61a697f828db,0,好作业，谢谢分享我们一般的小车都是加在电瓶桩头上的那种开关。。。。。现在也有遥控型的断电开关。,好作业，谢谢分享我们一般的小车都是加在电瓶桩头上的那种开关。。。。。现在也有遥控型的断电开关。
22af4ab93b3e4328853046c0726fc943,0,各位大神，请问12款gl8旗舰版，带不带蓝牙功能？,　　各位大神，请问12款gl8旗舰版，带不带蓝牙功能？可不可以蓝牙放手机音乐？多谢指导！
a45d029238cb4ca08bf683e5f3543c42,0,Gl8 怠速的时候有哒哒哒哒的响声,　　14年3月份的车11万公里了，因为买的是二手车，到家的时候开了几天还没有发现，过了几天去换的三滤和全车油水，就发现有响声  在车外听不见，主驾驶尤其明显，开起来也没事，就是一停车就开始哒哒哒哒哒哒有点烦  求大神解决
8325c27b815c4d0dafa8bf07c2cd5dc7,0,埃尔法其实不好开的,埃尔法其实不好开的
28b065ee7cdb4070befa8840dcde6c82,1,V260新车空调不凉，各位请进！,                  十年驾龄开过很多很多车，北方五月这个季节，应该是空调16度开到一档或者二档，驾驶位就感觉很凉了。。。。可是v260&nbsp;&nbsp;空调16度，得至少三档，才感觉有凉意。。。为何？各位车友有同感吗？压缩机是打开的                                                 
df454804904b49dab6e6cc2e26b9b6ab,0,地址电话发给我一个,地址电话发给我一个
c917e05bce1c45a88c73f6ac38e712c9,0,Gl8有没有出混动的打算？,                                      如题如题！                      
58967a483df34d239448fc64e448e5b5,0,日暖风轻柳絮飘，你的空调该清洗了,　　日暖风轻柳絮飘，你的空调该清洗了  　　日暖风轻柳絮飘 　　如此环境 　　如果不能把树换个品种 　　那就请从防护工作做起 　　比如，关注一下车辆空调   　　（取出的空调滤芯与新滤芯对比）   
de01534198f1472b8d4b256311b72185,1,请问一下尊贵版的第二排座椅,                  请问一下尊贵版的第二排座椅。今天去4s店没看到现车，只看到改装的。原厂尊贵版第二排座椅好像挨得很近。进入第三排好像不方便。请问中间两个座椅可以分开一点吗？谢谢                      
a1cba418c418476d9fda30259efc1bd4,0,换了涡轮更省油更有劲的别克全新一代GL8,　　别克全新一代GL8在前几天已经正式上市，新车除了带来了与众不同经过重新设计的外观之外，更为我们带来了期待已久的动力总成更换与多连杆式后独立悬架，那么经过这些革新之后的全新GL8，在动态性能方面又将有怎样的提升呢？ 　　在前不久我的同事和我分别对全新GL8和GL8 Avenir都进行了详细的静态体验，所以如果想要了解有关新车在静态方面的表现，请戳以下链接： 　　全新GL8的官方指导价区间为28.99-44.99万，而本次试驾的为28T旗舰型，是除Avenir外的普通版的顶配车型，由于两篇静态体验都非常详细，所以本篇不再针对新车的静态方面过长的陈述，主要来看看新车在动态性能方面的表现。 　　老款GL8在淘汰掉2.0升自吸版本之后，剩下的2.4升和顶配的3.0升 V6自吸版本的车型，依然戴着高油耗动力表现不佳的帽子，而全新GL8全系换装了通用的2.0升涡轮增压发动机，与ATS-L等使用同一款发动机，只不过调校的没有那么激进，相比于老款3.0升发动机，无论在动力上还是油耗表现上都要优秀不少。 　　官方宣称的百公里加速时间为9.3秒，百公里综合油耗为8.9L，不过这次我们并没有机会进行测试，等日后有机会拿到试驾车，我们会反馈真实的数据。 　　在我之前开老款GL8的时候，我就觉得GL8在舒适性方面的表现非常优秀，底盘有着不错的功底，虽然它采用的是扭力梁后悬架，全新GL8在奥德赛、艾力绅等竞争对手还在使用扭力梁时，抢先换装了多连杆后悬架，更让我对它的表现有所期待。 　　发动机在发力的时候不会明显的发力点，也不会有涡轮介入时产生的强烈存在感，整体的加速过程非常线性，而在变速箱偏向于舒适和燃油经济性的调校下，发动机一直将转速维持在较低的水平，在速度达到120公里/小时的时候，转速也仅为2000转出头。 　　通用的变速箱一直容易受到大家的质疑，不过全新GL8上的这台6AT确实让我有点意外，因为它实在太平顺了，平顺到如果我没有观察转速表的话，根本感觉不到它换挡的动作，而当你稍微深踩油门，它马上就能领会你的意思，从而降档，而如果你将油门踩到地板上，那么连续降上两档、甚至三档，丝毫不会犹豫。 　　老款GL8的底盘就很舒适，不过确实有点软的过分，有种船的感觉，而全新GL8在底盘方面下了不少功夫，坐在第三排的感受很明显，面对较大的起伏，悬架能紧致的收缩和回弹，不会出现忽忽悠悠的情况，而大大小小的细碎颠簸，过滤的非常彻底，在车内只有一些细微的感觉，底盘整体性在我看来有了很大的提升。 　　在我看来，方向盘上的换挡拨片实在有点不协调，因为谁会开着这么一台舒服的车去激烈驾驶呢？总的来说，在动力上，全新GL8依然保留了老款那值得称道的舒适性，并且有所提高；2.0升涡轮增压发动机的动力表现更加优秀，并且在6AT变速箱的配合下，有着不输于老款自吸发动机的平顺性，底盘虽然舒适却没有了过软而导致的侧向支撑不足和忽忽悠悠的感觉，在隔音方面更是它的强项，作为一台MPV，该有的它都有了。 　　全新GL8在车身尺寸上有所缩小，但是由于缩短了前悬后悬的长度，所以轴距并无变化，而且由于车身高度的增加，在空间方面的表现会更优秀一些。 　　不说那个特殊的GL8 Avenir，如果想要跟更多的了解那款车可以去看关于它的实拍，就普通版GL8来说，已经完全看不出来老款GL8的样子，从车头到车尾一改圆润的风格，增加许多年轻化的时尚元素，各种线条运用的也更加凌厉，在细节处显得更加精致，豪华感也更强。 　　内饰方面新车并无过多的改动，除了一些配置上的升级和优化外，整体上还是保留了老款GL8的设计风格，没有像外观那样大量的改动，不过看上去还是挺温馨豪华的。 　　至于在空间方面，GL8一直独立开创出了一个细分领域，从来没有直接的竞争对手，类似奥德赛艾力绅等车型由于车身尺寸的限制在空间上自然无法与GL8相媲美，而GL8的第二排座椅绝对是点睛之笔，第三排座椅相比于老款有了一定的提升，所以全新GL8无论是家用还是商用，都能提供一个非常舒适和优秀的驾乘空间。 　　总的来说： 　　不得不说，全新GL8在动态表现上给我了不小的惊喜，如果说老款GL8完全是偏向于舒适与沉稳的话，那么全新GL8就在完整保留了这些有点的基础上，又增加了许多让人感到意外的惊喜，无论是发动机的动力表现还是变速箱的平顺性、底盘的整体性还是悬架的舒适性，相信全新GL8在自己独创的这一细分领域中，又能很大程度的提升自己的竞争优势。 
e512c376dcd44824a5ecb728caa5e8e1,0,这个问题还是挺多见的。。。。。4S垫打胶处理。。。。。你自己也可以打,这个问题还是挺多见的。。。。。4S垫打胶处理。。。。。你自己也可以打
6b1614bdde374e3fabf470cb05d203b6,1,心里先有数,　　公司要买辆商务车，主要就是用来接待重要客户，之前我也没有关注过商务车，所以只好先上网了解一下，做到心里有数。 　　预算是二十万左右，最好不要太多，这样的价格我上网看了一下，能买别克GL8，不过只能买个最低配的，配置什么的还可以，但是肯定不如高配的丰富。要是买风行CM7就能买个最高配的，有全景摄像头，停车比较方便，有座椅电动调节和加热的功能，还有220V的电源，这样如果着急的话直接在车里就能办公了，也挺方便的。  　　等哪天有空我要去店里看看实车，买商务车这件事还是挺重要的，我得多比较一下，用心点选。
cd35296999b645eeb098e0a4760f8502,0,地下停车场经典的别克 小8, 　　地下停车场经典的别克 小8
bdedfc00d64941daa3d90b57b4a4e0c1,0,请问领航天窗版本国六的多少钱能买到,　　
8e7b0a2d8df147ffb1efe3fc00911caf,0,15年的3.0顶配现在值多少钱？,　　家里闲置一辆GL8，平时都是我开，现在城市是真的堵啊！还限号，生气上了一辆混动，这辆车就闲置了，想卖不知道能值多少钱。
8a11ad1aea194af7863cb1c6055cab70,0,威霆改装，西安合正改装无隔断七座奔驰,　　威霆改装，西安合正改装无隔断七座奔驰 　　威霆改装合正改装选择红黑配内饰，方向盘和中控台采用挑木件和铝饰条点缀。四门桃木件镶嵌双缝线细密均匀。影音系统悬挂在驾驶舱与乘坐舱的顶棚过渡处，提高空间利用率。顶棚加高且真皮包覆，配色迈马赫九宫格顶灯，变色功能可营造不同氛围。前后车舱七座均为真皮航空座椅。中排为单人长席按摩座椅，拥有电动8向调节三面头枕等功能亦可旋转180度，同时中间可升降的小办桌，可放置些资料、笔记本等物品。威霆改装的第三排座椅，配置和功能为休闲生活旅途中提供舒适的享受，可一件调节成为双人床。     
9036477074354b708abed8d076b14a5f,0,在哪里改的呢，有清单吗,在哪里改的呢，有清单吗
73604eac92594416b10db2464a48852f,0,兄弟我在台州,兄弟我在台州
c522070657e2436a908810f0f99b2f99,0,买这个车的基本不逛论坛，优惠基本在8-9,买这个车的基本不逛论坛，优惠基本在8-9
8325e3c2b8f144ebb0231e2bdddc0402,0,【五月天】汕头｜星湖公园,　　【五月天】汕头｜星湖公园 　　爱卡币+20 　　共获得爱卡币 　　～～忘记了谋月谋日，从广州去汕头探访侨迁新居（入伙）的一朋友豪宅！！相片也是从破旧手机里导出来的！！现将它编辑一下，发爱卡平台，给自己留份纪念！！ 　　～～小区旁就是公园，公园就在小区门口！！豪宅就是豪宅，豪宅相片，就不发上来了，为了他人隐私！   　　～～咱们把小区旁的公园为主题！！希望大家多多包涵！    　　～～星湖公园，面积不算大，看树木的生长程度，这公园有些年头了！！   　　星湖星湖，必须有湖！水为财！！！好风水！！    　　花儿娇艳，芬芳艳丽！！   　　还有一个健身广场！！早上，晚上。小区的阿伯、阿姨们都在这里活动活动！！！ 
3307dd72d25041c6899c47ea434c8490,0,全新别克GL8符时下潮流 家用商务两不误,　　在中级MPV市场上 自主中级MPV自始至终都是一个空缺 。一直被别克GL8和奥德赛牢牢占据着，别克GL8是商务MPV的首选，而如今家用也会选择别克GL8了。 前段时间，别克推出全新一代GL8，备受市场的认可。 　　可以看出，全新GL8加强了对家用需求用户的照顾。在商用车领域，GL8的地位已经足够高了，所以全新GL8加强对家用需求的照顾也是合理的。全新GL8的价格区间从28.99万起，相比奥德赛等车型来说相对较高。感兴趣的朋友可以到店试乘试驾。  　　外观方面，别克全新一代GL8采用了最新的家族式风格。新车的前进气格栅采用了飞翼式设计，这是别克品牌的最新家族特征，相比现款车型看上去更加时尚。除此之外，新车还使用了全新的前保险杠设计。高配车型还配备了由23颗LED组成的大灯，点亮后效果出众。  　　车身侧面，全新一代GL8缩短了前悬，隐藏式的B/C/D柱设计营造出了悬浮式车顶。而相比现款车型，新车的第三排侧窗进行了加长，使得整车的侧面线条更加修长。尾部设计较为方正，根据官方介绍，全新一代GL8采用了全铝材质的后备厢门。新车尾灯同样使用了LED光源，共有57颗，点亮后辨识度比较高。  　　车尾的造型焕然一新，后挡风玻璃与尾门高度调至黄金分割比例，视觉重心更稳；贯穿尾灯的镀铬饰条配合全LED光源尾灯，成为车辆识别元素之一，美观且醒目。  　　动力系统方面，全新GL8标配2.0T发动机和6速手自一体变速箱，相比老款车型的2.4L和3.0L发动机来说，有着较为明显的提升。根据官方数据，新车0-100km/h加速时间为10秒以内，百公里油耗低于9L，这样的数据相比老款车型有着很大的进步。悬架方面，全新GL8采用多连杆后悬架，而且部分连杆采用铝合金材质，这也是相比老款车型较大的变化。 　　选MPV车型，家人乘坐的话舒适度最重要，7座SUV的第三排空间太局促，而且会牺牲掉后备厢空间，行车过程中万一追尾还特别危险。在家用方面和商用全新别克GL8都能胜任。面对如今二胎政策的开放，我更推荐全新别克GL8家用商务出行两不误，外观也符合时下潮流。 
5a6361316c684d1ba88cd6d0094aac2a,0,成都-新款GL8车友来看看～,　　2017年10月买28T豪华，目前跑3万6千公里，我改透镜米石LED灯（亮到爆那种）、360全景、BOSE音箱、吸顶电视屏、全车地板不知价格能卖多少  
8b1d4acef106423baf7f7addf917da08,0,江苏哪里？优惠这么多,江苏哪里？优惠这么多
c1ce6826add140368340b6adfaf786d9,0,天天横穿长安街，没事,天天横穿长安街，没事
cfa5a67fd547442185afd7ac6b1ab6f5,0,方便啊~反正我觉得比小车开得舒适~坐姿又高~,方便啊~反正我觉得比小车开得舒适~坐姿又高~
c8db2a6f7e8c49cf8a0c39b237dcc8cc,0,我也喜欢这款车！看了很久了，即将入手，回头提车了要多和lz交流下！~,我也喜欢这款车！看了很久了，即将入手，回头提车了要多和lz交流下！~
1b2925c9eddb488e9e062e701c6736ee,0,求救方向盘原因,                                      为什么我的2017款2.5S舒适版的方向盘是塑料的&#xec5d;                      
69f1fa1c3aa64d12816c3330e40dfb77,1,携手Avenir，新一代GL8的未来之路要走向哪？,　　11月5日，周六，从抵达上海虹桥机场到前往上海世博中心，一路上经过几个地标路段都竖立着醒目的全新别克GL8广告牌。当天晚上，全新一代GL8携子品牌Avenir正式上市。  　　距离GL8首次与中国消费者见面已经有17年之久。作为一款曾开拓了高端商务用车市场的豪华MPV，别克全新一代GL8面对正在变化的中国汽车消费群体，将会带来什么样的变化？ 　　GL8开启的商务车时代 　　1999年，上汽通用别克品牌首次在中国市场推出了豪华商务MPV——GL8。虽然这款车本质上是一款MPV车型，但它似乎甚少会被拿来与同级别的其他车型相提并论，反而因其高端商务的形象而自成一派。  　　在21世纪之初，中国正在经历了经济与社会的飞速成长，GL8这款定位为高端商务用车的新产品恰好对准了中国汽车市场在这方面的庞大需求。一时间，不少政府、企业的出行与接待用车都是GL8。 　　我们可以这样理解，别克在当时准确地预测了市场需求，将GL8明确定位为高端商务用车，而当时同级别的国产车型很少有GL8所营造出的商务感与豪华感。自身定位与市场需求互为促进，很长一段时间里别克GL8以“陆上公务舱”的称谓存在，2010年在北京车展上的概念车更直接名为“Business”，可见多年来GL8在高端商务用车领域的用心耕耘。  　　随着GL8在中国多次举办的国际盛事上担任礼宾用车，比如北京申办夏季奥运会、冬季奥运会活动，APEC会议等，GL8在中国消费者心中的高端商务形象更加深入。 　　不过，今年全新一代GL8的上市，我们似乎看到了些许的变化，在依然坚持的豪华商务MPV定位之外，GL8在面对中国消费市场的变化之下，也有了一些新的方向。  　　全新GL8，何以“坐享其程” 　　作为别克品牌下最重要的车型之一，全新一代GL8来自上汽通用汽车凯迪拉克工厂，运用了多项超越同级别的先进技术。首先是对车身结构的100%全新开发。高强度钢使用率达到73％，车身扭转刚度较上一代提升45%，以此实现整车安全性、稳定性、振动及噪音抑制性能以及燃油经济性的全面提升。  　　全新GL8搭载的是通用旗下获得“沃德十佳”的高性能2.0T SIDI直喷涡轮增压发动机，可输出191kW/5400rpm最大功率及350Nm/2000-5000rpm的峰值扭矩，匹配6速DSS智能启停变速箱，可实现0-100km/h加速9.3秒，百公里综合油耗8.9L。与现款相比，在动力性能与燃油经济上都有了很大提升。 　　全新开发的底盘悬架系统是新款GL8的一大亮点。后悬架采用了MPV车型中少有的四连杆独立悬架，搭配四点隔振后副车架，以提高整体的乘坐舒适性。另外，在增强型前麦弗逊悬架上采用的是三通道式减振器上连接，结合液压控制臂衬套，吸振效果与操控性都有了明显优化。  　　座椅舒适性一直是MPV车型的竞争点。历代GL8均把长途旅程的座椅舒适度作为设计重点，全新一代GL8的座椅首次采用了获得国家专利的DHH垂直双硬度发泡工艺专利设计，通过对不同区域泡沫的硬度设计，提升座椅的包裹性、支撑性与安全性。 　　在舒适性以外，GL8的第二排座椅新增了电动腿托、六向可调航空头枕、手机放置槽和USB充电孔等人性化设计。在第三排座椅上，GL8为乘客提供了中央扶手，这是同级车型里的独有配置。为了给车内乘客营造一种更为舒适的乘坐体验，第三排座椅采用的是渐高式剧院布局，提高第三排乘客的乘坐视野，以方便与前排乘客交流。  　　从数据上可以看到，全新GL8在维持3088mm轴距的基础上，以后悬的增加和前后轮轴的扩大，来实现更宽敞的乘坐空间和行李箱空间，同时加入了腿部感应自动开启后备箱门的人性化功能，超大全景双天窗、Moon-White月光白氛围灯等豪华车舱细节。 　　这些方面的提升可以看出，别克在继续巩固GL8豪华商务定位的同时，也在努力满足更广泛消费人群的需求。发布会现场，别克在出场嘉宾的设置上颇为巧妙。主持人汪涵分享了他在GL8上为儿子换尿布的经历、前体操运动员李小鹏与妻子在迎来二宝之后决定买一辆GL8。可以看出，全新GL8不仅要继续在高端商务市场拓展销量，同时要为新一代消费群体提供家庭用车的更好选择，以此挖掘新消费主力对于MPV的庞大需求。  　　Avenir所说的是哪种未来 　　值得一提的是，新一代GL8的上市之夜，也带来了别克全新高端子品牌Avenir。作为Avenir品牌的首款产品，GL8 Avenir的亮相被认为是别克持续向上的品牌品质与服务体验的全新诠释。  　　GL8 Avenir强调的是细节之美。全新一代GL8与GL8 Avenir在整体外观与动力、底盘系统等方面并没有太大的差异，而是通过设计创新与用料工艺等细节体现出Avenir的独特。  　　专属的“伯爵紫”车身颜色、前格栅类似中世纪贵族锁子甲的菱形设计、真皮座椅的精致菱形缝线，以及18吋全新皇冠型大尺寸轮毂等细节，都是GL8 Avenir要表现出的尊贵风格。  　　除了产品品质以外，GL8 Avenir为车主推出的是私人定制化服务体验，从售前选车到售后保养，将会由一支专业团队形成的私人车辆管家提供服务。并且，GL8 Avenir会提供6年或12万公里的车辆全生命周期保养计划。 　　Avenir在法语里的意思是未来。那么，这个全新子品牌要代表的将是什么样的未来？对于GL8而言，这个未来是在满足商务用车的基础上，开拓新的高端私人用车市场，为消费者提供更为豪华、个性化的产品与服务，以满足逐渐成长的高阶层用户群的消费需求。  　　全新一代GL8携手高端子品牌Avenir正式上市，并推出了四款配置车型，售价在28.99-44.99万元。细心的消费者大概已经发现，新款的28T舒适型售价28.99万元，与上代的GL8 2.4L豪华商务舒适版价格一致，但实际上新一代产品在动力、底盘等配置上都有了更大的提升。从上市之前的市场关注度来看，我们可以大胆预测，GL8将会继续在高端豪华MPV领域占据领先地位。 
cabdd0c129ab46b2a0f54dad6eb469c4,1,号外！号外！快来看呢！一张图带你了解GL8各个版本,                  这款车从2000年国内上市至今，在国内的销量不断增长，无论是新车还是二手车，国内的商务车型中他还是比较有优势的。在此之间GL8不断改款、换代。—路尊、2.5L版、经典版、新款（胖头鱼）和最新款GL8。车型版本图开始介绍了第一代GL82000款：2000年到2005年这一代全部使用的是3.0L发动机，4速自动变速箱。2005款（2.5L）：2005年到2010年这一代修改了前中网和前雾灯的造型，2.5L的发动机。2005款（路尊）：2005-2006&nbsp;05年7月，别克推出了更为豪华路尊车型，外形更大气，并大幅提升了配置水平。动力3.0L发动机配4速自动变速箱。2006款（路尊）：2006-2008&nbsp;发动机采用了VVT可变气门正时技术，功率比老款提高5KW，GT和XT车型增加了电动门（右侧）2008款（路尊）：2008-2010&nbsp;这款主要对仪表数字和轮毂盖造型进行了调整，增加了第三排车窗的电动开关2011款（经典版）2010年11月-2013这款采用了油耗更低的2.4L发动机，手自一体6速变速箱，取消了大部分的豪华配置，外形做了一些时尚化的调整，也就是我们常说的经典版GL8（GL8商务车）2013款（经典版）2013-2013这款变化较小，只体现在中控装饰条和排挡杆握把颜色上。2014款（经典版）2013年12月-至今老款车型配备的6速变速箱换挡平顺性不高，且在车辆行驶8万公里左右时发生故障的概率较高，因此2014款的经典版GL8车型更换升级为第二代S6变速箱。第二代GL8&nbsp;2011款（胖头鱼）2011-2013这款车官方称为“GL8豪华商务车”由于车身线条更为圆润饱满，因此人们也称为“胖头鱼”采用2.4L和3.0L两种发动机，统一采用手自一体6速变速箱2013款（胖头鱼）：2013-2014这款变化比较多，更换新的2.4L车型发动机，采用第二代S6变速箱，在配置上做了很多调整2014款（胖头鱼）2014-2016这款GL8算是一次小改款，变化集中在车尾和空调出风口及造型上第三代GL82017款：2016年11月-至今17款GL8从外观到内饰都是焕然一新，全部采用2.0T涡轮增压发动机，变速箱依旧为手自一体6速。并且新款车型的电瓶位置移到了发动机舱顶部一侧，彻底解决了老款GL8电瓶更换难度大的问题。此外第三代别克GL8增加了一款高端车型Avenir，该车型与最高配的28T旗舰型相比售价要贵5万元，区别主要体现Avenir车型可以享受专人的管家服务以及特殊的车身颜色、轮毂造型、外观装饰、定制座椅等。图片均来自网络搜集。分享完毕！                                                 
83696bf67b224649b23165ea128d9cc9,0,10年的多少钱提的,10年的多少钱提的
131437e203484ac28028ce86558cc665,0,综合 12 跑了1w公里了,综合 12 跑了1w公里了
c013aa9fe5b945a9a92403f1496c83f4,1,操控也不错的，,操控也不错的，
a56e5a02612c416799a20124bf9b9784,1,实拍上海车展新威霆福祉车，座椅电动上下车专为行动不便人士设计,　　奔驰新威霆福祉车，上海车展8.1H馆，现车实拍图。  　　新威霆福祉车，无隔断设计独立大空间，全车7座，畅享家庭快乐时光。   　　中控台相比威霆大气了许多，一样豪华轻奢的感觉。  　　使用遥控的操作按钮可以实现座椅的电动上下车。首先电动会转动到预定位置，机构向前展开，把座椅向前推动到车外，缓慢地降低座椅至地面的高度，这样就非常方面上下车不方便的人士。    　　新威霆的外观显得更加的时尚大气。 
2030834203ae49ffa808b4ffb075bcc3,0,这个一般来说，可以把他这个检查一下，他压的情况，然后呢，把她这个修复一下胎压监测,这个一般来说，可以把他这个检查一下，他压的情况，然后呢，把她这个修复一下胎压监测
21902935321c4af8b516bc78db49cfa4,0,改的半原厂品牌未知，坡道上开关门很顺畅,改的半原厂品牌未知，坡道上开关门很顺畅
e72f66771e10420486cb0be0d323b3eb,0,开个众泰保时捷在这里杨，***犯,开个众泰保时捷在这里杨，***犯
39a295a1ee7b486a9846027d24a00f01,0,威霆改装房车，西安合正打造隔断亮点,　　威霆改装房车，西安合正打造隔断亮点 　　奔驰威霆合正改装内饰的隔断设计中采用一键式升降液晶显示屏作为亮点元素，其中加装的精致吧台囊括了热水器，水晶杯等多样元素，座椅双色皮肤下是柔软的内在，靠背与脚托的自由调节都在一键式调节下变换，按摩座椅具有多重模式，让身体得到放松。云格顶灯与个性创意灯的搭配，在拉上白色百褶窗帘的霎那，增加了采光效果的同时也把整车氛围烘托而出。     
2cd12591cdec4a28926cf985f27849ad,0,可以来江浙沪大组织，里面很多,可以来江浙沪大组织，里面很多
109ace6ec80841a0ad0eb06ccd90b932,0,求助，点烟器或者USB接口在哪儿啊，第一次开,　　啊啊啊啊，手机快没电了 
300a3a3a95a941f08f4afac606414651,0,刚提新款迈特威，开下来感觉不后悔,刚提新款迈特威，开下来感觉不后悔
a72b763370034673aa01c3c94f9e8dcf,0,放假了，又满满一车,　　么也不说了   　　走着
07002de4c176419fb9422dacf26c3ac6,0,这个很容易改装的，你到汽配城的那些相关的改装店都有配套的改装。,这个很容易改装的，你到汽配城的那些相关的改装店都有配套的改装。
c6c8e5deb3c247ed80cab2f5feb1fef4,0,别克全新GL8 Avenir 一种品位的代名词,　　品位是一种境界，一种生活的质量；品位是一种情趣，一种处事的涵养；品位甚至是一种人生的态度， 　　波澜不惊的沉着，去留无意的恬适。而有一种品位叫做Avenir，卓越的品质，带领你坐享其“程”。 　　与别克全新GL8Avenir的相遇，是在无锡的灵山胜境。流转着秀色的太湖之滨，满布浓浓禅意的拈 　　花湾，那一抹尊贵的伯爵紫，带着闯入眼帘的惊艳，揉进了湖光山色之中。在这里，得以近距离地欣赏 　　到别克全新一代GL8Avenir的别样风采，也切身体会到别克全新一代GL8 Avenir的独到魅力。 　　如果要用一个词来形容别克全新一代GL8 Avenir，那就是品位。相较于历代GL8沉稳、实用的商务范 　　，别克全新一代GL8 Avenir，要多一分灵动，多一分大气，多一分奢华。 　　源于家族徽标中世纪贵族锁子甲的菱形设计，让前进气格栅显得更具高端的格调；充满科技元素设 　　计的展翼型全LED前大灯与尾灯，为整车的时尚感增色不少；短前悬、长后悬的车身规划，在保证轴距不 　　变的情况下，使车内空间得到进一步拓展；俯冲式的双腰线配合悬浮式D柱设计，令视觉效果更加灵动、 　　自然。 　　当然作为一款MPV舒适度与豪华感，自然更被人们所关心。可以说对此别克GL8也称得上是有口皆碑 　　了，而全新上市的Avenir更是在这方面做出了较大程度的提升。 　　Avenir专属迎宾踏板、真皮包裹的多功能方向盘、方便快捷的HUD平视系统、支持carplay的八吋液 　　晶显示屏、以及随车内置的4G LTE WiFi，一个都不能少。 　　值得一提的是，MPV所专属的乘坐空间。360°环抱一体式设计，融入了家族“展翼”式风格，形面 　　包面切蕴含张力；渐高式影院布局，带给后排更加宽敞明亮的视野；更贴合人体曲线的贵宾级豪华真皮 　　座椅，支持10项调节功能，超过38道工艺工序、家族式菱形花纹与Avenir标志设计，更平添了几分豪华 　　感，160°的靠背倾斜、60°的腿托支撑，为乘客带来堪称极致的乘坐体验；超大尺寸的全景双天窗，配 　　备100%遮光率的电动遮阳帘，创造出舒适静谧的座舱环境。 　　再加上便捷贴心的储物空间设置、畅享随心的电源接口装配、柔顺触感的麂皮车衬包裹、精心调配 　　的BOSS音响以及18色可调式内氛围灯，全方位地展现出别克全新GL8 Avenir的精致品位，给人以接近极 　　致的奢华享受。 　　除此之外，别克全新一代GL8 Avenir在动力与操控方面，更是给人以出乎意料的惊喜。 　　全新搭载的2.0T SIDI直喷涡轮增压发动机，取代了原有的2.4L、3.0L自然吸气发动机，其动力参数 　　为191KW、350Nm，匹配6速DSS智能启停变速箱，百公里加速控制在10秒以内，百公里综合油耗8.9L。在 　　实际试驾过程当中，与老款3.0L自然吸气发动机相比，全新一代GL8 Avenir在功率略高的前提下，前期 　　扭矩输出优势明显，节油的同时动力表现还能在上一个台阶，这或许也是涡轮增压发动机趋势明显的主 　　要原因。 　　在底盘方面，别克全新一代GL8 车型的后悬挂，统一由之前的扭力梁式变更为多连杆式。结构更加 　　复杂的后悬挂不但没有让内部空间缩水，反而大幅度地提升了车辆行驶过程当中的稳定性和操控性。搭 　　配拥有最新变频降噪技术的马牌ComfortContact CC6轮胎，全新一代GL8 Avenir在避震表现方面，无论 　　是细碎的振动也好、较大的冲击也好，它都可以四平八稳的为你过滤掉，给驾乘的舒适性带来显著地提 　　升。 　　与此同时，通过与厂方领导沟通了解，作为别克全新一代GL8 Avenir的车主，你可以享受到别克真 　　正意义上的私人定制化服务体验。从售前选车到售后保养，都会有一支专业团队形成的私人车辆管家为 　　你提供服务。并且别克还会提供6年或12万公里的车辆全生命周期保养计划。 　　总体来说，通过这次对别克全新GL8 Avenir的试驾，可以发现别克全新一代GL8在外观、用料、结构 　　、动力等方面都进行了很大程度上的升级。为的是给车主带来更加舒适、更加奢华的驾乘体验，可以说 　　这是一次品位上的提升。同时，我们也不难发现，全新一代GL8在风格上发生的转变，无论是外观变得动 　　感还是操控性能的加强，这些都意味着别克对家用MPV市场愈发的重视。由此，也不难看出别克对自身求 　　变的决心。 
f0cb64bd592f431c80d70e1cf272fec0,0,楼主问的哪款配置，国5还是国6,楼主问的哪款配置，国5还是国6
bc13eea78c674d0895f4fd3ddd7dd567,1,28T旗舰LED大灯感觉好暗、照射范围和距离都不行,　　RT，有没有同感的？
84786740708c45a4ae39f527c79d724e,0,全新GL8到底带来哪些改变？,"　　现如今，全新别克GL8的荣耀归来，想必是带着他们对消费者深度的研究和了解。因此，它身上的改变会贴合消费者呢？首先来说这款新车在全球最高水准的绿色制造工厂----上汽通用豪华车工厂投产，与CT6、XT5等凯迪拉克豪华车型共用生产线。这也从侧面保证了全新GL8将从源头保证拥有顶级水平的豪华品质。20.90-44.99万的定价，更加凸显了其较高的性价比。 　　1 　　外观造型的改变--大气豪华又时尚 　　全新GL8外观方面采用了家族展翼式前脸，车头部分采用最新“直瀑+飞翼”式造型设计，并且头灯与进气格栅相连，拉宽了车头的视觉效果，中部设置了一根镀铬装饰条贯穿中网左右，使得新车拥有很高辨识度！相比老款的幅式轮毂则被更新为双五幅式轮毂，造型更加时尚前卫。 　　2 　　内部空间的优化--舒适性大幅提升 　　说到新GL8的尺寸长宽高数据为5203/1878/1805mm,轴距为3088mm，相比现款，新车在轴距不变的前提下，缩短了车身尺寸，加宽了车身，并加高了整体高度。使得内部空间得到优化，从而保证了前后三排的乘坐舒适性，特别是二三排豪华座椅，二排座椅增加丰富的功能电动腿托、座椅加热/通风/按摩、扶手调节、航空头枕、手机放置槽、USB充电孔等；三排座椅的椅面够长并配备了人性化中央扶手，显示GL8的细致用心。内部空间得到提升。 　　后，内饰的豪华感当然也带来很大惊喜，环抱式设计理念整体风格与全新君越类似，白色淡雅的座椅、大面积的木纹饰板、更多的镀铬装饰条及全新设计的中控台，这都让全新别克GL8多了几分豪华舒适的居家感！让你感受什么叫做真正的坐享其程！ 　　最后前后两段式天窗的设计方式，大大提高了后排的采光率，降低了后排乘客在长途乘车当中的压抑感，人性化十足！ 　　3 　　动力等级提升 　　新GL8全系搭载2.0T涡轮增压发动机，最大输出功率为260马力，峰值扭矩350牛?米。相较于现款GL8所使用的2.4升及3.0升自然吸气发动机，显然提升了一个层次。2.0T动力总成完全可以媲美3.0 V6发动机的2.0T，动力不仅更强而且在省油方面也有不俗表现！ 　　全新GL8不止于豪华的驾乘感受，还有实用的科技配置，新车配备安吉星4G LTE/WiFi、Carplay、智慧安全系统、感应式尾门、HUD平视显示系统，共同丰富了新GL8的品质内涵，特别是HUD平视显示系统大大方便了驾驶员和车内乘客读取车辆行驶时的各类信息，人性化程度得到了提升。  "
d53e7f0dba874b0ca0b842cd8f2f9fc3,1,这油耗现在太高了,这油耗现在太高了
3ca833a805214cafa66aa456fd5f8764,0,是老罗的号码吗？,是老罗的号码吗？
943f5414915944e588fed8d6f44dac40,1,改装在路上，先换上我最喜欢的航空座椅，原厂的！,　　没有过道，不是问题，比副厂可旋转、有过道的航空座椅，质量好太多了！！谁用谁知道  　　商务版7座，原车座椅，没有对比的情况下，舒适度也可以，对比高配，就是渣  　　定位（准备给高配航空座椅开孔布线）  　　卖家配齐了所有线束，插头。插座  　　线束足够长  　　地板开槽  　　切割下来的地板，底下有隔音  　　插座装好  　　接好线  　　两个座椅，所有功能正常，感谢卖家全程技术支持，特别耐心  　　舒服  　　德邦包送货到指定地点  　　包装严密  　　包装严密2  　　全新座椅  　　测试完成，所
6813ca8cb72342bf9ecd3602cbe9fbe1,1,家庭式公务舱 说实话 开着真不错没想到动力操控真的很好,　　首先我得说一下 老款的gl8我就开过3.4年，对于这个车我确实比较喜欢，之前的老款在当年那觉得叱咤风云，当时开这个车想当的拉风 它的舒适性 空间 外观在当时被很多人津津乐道.说实话开过这个车的人 再开别的小点的车会有那么一点点不适应，直到16年 年末最新的gl8的上市 让我看到了这款车>的变化。无论是新GL8的2.0T发动机还是老GL8的3.0L V6发动机，它俩的表现都比较不错，最终实测成绩新GL8为8.55秒，老GL8的成绩为9.62秒，从理论来说加速成绩能提升1秒，差距算是非常明显的。不过对于GL8这类车型来说，我觉得这点可以忽略，毕竟平时你不可能开着MPV拉着老婆孩子或者领导、客户去飙车，对于一台上驴车来说这个速度相当不错了！  　　咱们看看它的大牵连 我个人非常喜欢全新改款之后的样子。   　　保持轴距的同时 加长的后部空间 第三排座椅的舒适度明显提升。     　　这个屁股 仁者见仁 智者见智吧。   　　中控 看着还可以 到还挺规整的，我觉得一般般  　　不过这个车的座椅 坐着感觉还是可以的 据说是美国进口公牛皮 小声而的说一句 我怎么不信呢 哈哈哈 开玩笑        　　细节 我就不一一的去说了，每个人的看法不同 有喜欢的 有不喜欢的，我只是单纯的很喜欢这个车 也开过很多年 希望把它拿出来跟大家分享一下，如果又不喜欢的 请不要喷我啊！ 哈哈哈
0a827e3a0ca44d168d1c3e6e801221f2,0,这辆是现车吗？在哪里？改了哪些项目？多少钱？,这辆是现车吗？在哪里？改了哪些项目？多少钱？
70591beb06a444688f52a5e1084a4caa,1,11款埃尔法 有一股异味！,                       驾驶室有一股异味。感觉?像?调里出来的。好像是仪表台散发出来的一股类似橡胶的气味。6年的车?。最近特别浓。?知道有没有解决的办法。这个气味对人体有没有害，朋友说老丰田都有这股味道。他的91年?霸王也有这股味道。                                                 
59516973ade640b3a2b9f034ee671260,0,陆尊与奥德赛,　　陆尊与奥德赛 　　公司有奥德赛，陆尊的滑行比奥德赛远一倍，为什么？ 
784d7856d70c4889ad6ebcc29ff6f545,0,给仇人推荐什么车？别克gl8,　　为什么买别克gl8容易请全村人吃饭。  　　一鹿有车5月8号报到了gl8。 有空的车主看下尤其是私家车。说得太好了。  
1668dc98954c4d6eb3c5c7a033794f5b,0,塞纳太贵，样子又太朴素了,塞纳太贵，样子又太朴素了
c3769e772bd247faa7478c17a14bac7d,0,现在的碰撞测试标准，是gl8现款上市几变了才有的，所以肯定无法应付的，只有大改款才跟得上了，感谢中保研，给车企定了高标准，这样消费者受益啊,现在的碰撞测试标准，是gl8现款上市几变了才有的，所以肯定无法应付的，只有大改款才跟得上了，感谢中保研，给车企定了高标准，这样消费者受益啊
25b146e036c349228231fe9ed22d9bb6,0,私信我吧，我是中牟的,私信我吧，我是中牟的
097480831c7a458fb675b317bae6e78d,0,别克全新一代GL8有多豪华?,"　　售价28.99万-44.99万元 　　高端MPV市场开始了新一轮的厮杀。 　　最近,别克全新一代GL8正式迎来换代,市场售价28.99万-39.99万元。和以往不同的是,这次别克Avenir子品牌旗下首款车型——全新一代GL8 Avenir也随之上市,售价高达44.99万元,同时享有专属的包含6年或12万公里免费保养在内的“别客汇Avenir黑卡”私人定制化服务。 　　新快报记者 李村 　　配置更豪华 座椅更舒适 　　别克全新一代GL8是基于全新架构与开发理念打造而成的,在设计、动力、安全、科技以及工艺品质方面全面突破与创新。全新一代GL8的内饰、中控面板、膝部以上接触区域,均采用自然触感的软包覆材质,其中座椅表面采用美国进口高档公牛皮,超过38道加工工艺。此外,在维持3088mm超长轴距基础上,全新开发的新一代座椅采用更贴合人体曲线的人机设计,并且首次采用DHH垂直双硬度发泡工艺专利设计,大幅提升长途乘坐的舒适度。 　　其中,第一排座椅增加头部、膝部以及腿部空间;第二排贵宾级豪华座椅,配备电动腿托、座椅加热/通风/按摩、扶手调节、侧翼六向可调航空头枕及弹出式双杯托,还贴心地设计了专属的手机放置槽和USB充电孔;而采用渐高式剧院布局第三排座椅,带来更高的乘坐惬意和更明亮的视野,并且增加同级仅有的第三排中央扶手。 　　百公里加速9.3秒 　　动力总成方面,新车全系搭载“沃德十佳”高性能2.0T SIDI直喷涡轮增压发动机,可输出191kW/5400rpm最大功率及350Nm/2000-5000rpm的峰值扭矩,匹配6速DSS智能启停变速箱,0-100km/h加速9.3秒,百公里综合油耗8.9。 　　新车全系标配拥有多达24项扩展功能的博世ESP9.1电子稳定控制系统,其中包括AVH 自动驻车、FBS 制动衰退补偿、HSA 坡道辅助、HDC 陡坡缓降等功能。同时,全新一代GL8引入别克新一代智慧安全科技,包括ACC自适应巡航、FCA 前方碰撞预警、CMB 碰撞自动刹车、LKA 车道保持、SBZA 侧盲区预警、APA自动泊车等安全科技。 　　此外,全新一代GL8的科技与豪华配置同样亮点多多,它全系标配新一代OnStar安吉星全时在线助理,提供包括碰撞自动求助、紧急救援服务、实时车况检测、超级管家等22项主要服务,并提供4G LTEWi-Fi热点功能。新车还升级配备了支持手机映射和自然语音识别功能的别克新一代智慧互联系统。 　　Avenir首秀定位豪华 　　这次新车发布最大的亮点是,GL8 Avenir作为别克Avenir高端子品牌的首款产品亮相,凸显了其豪华品质。据了解,每位Avenir车主都会享受到真正意义上的私人定制化服务体验。从顾客进店选购Avenir开始,直到今后的每一次进店保养,Avenir车主将享有专属的接待休息空间,同时还提供便捷的上门服务,并享受6年或12万公里车辆全生命周期的私人养车无忧计划。 　　目前,别克GL8自1999年面世以来已有70多万用户。 "
dd637a3c2f0342d29d94fb4bc0bf7da4,1,开起来感觉老款比新款动力更强些，再有就是驾驶座椅不是很舒服，长途驾驶会很累,开起来感觉老款比新款动力更强些，再有就是驾驶座椅不是很舒服，长途驾驶会很累
9b63e58c524e4382af4f830fe48efbcf,1,空间把我打动，银色商务版威霆提车,"                  &nbsp;&nbsp;&nbsp;&nbsp;还记得上一次在汽车之家上发提车帖，还是14年。那时候刚提了标致301。那时候301刚出没几个月，变速箱还是4速的，上120就得3400转。现在新款的已经是6速的了。个人觉得301还是很不错的一部车，很适合家用，省油，空间也大，1.6的排量个人感觉配在这部车上也完全够用。曾载着5个好友去爬山，上下起伏的山路对车的动力和刹车都是一种考验，事实证明301还是经得住考验。上坡没觉得有多吃力。长时间下坡，也没觉得刹车软。&nbsp;&nbsp;&nbsp;&nbsp;再说说威霆。自从摇上号以后，就一直在考虑入手哪款车。目标很明确，就是得七座。所以轿车没有考虑，基本就在SUV和MPV中徘徊。之所以考虑SUV，是因为家里有一部柴油途锐，4年跑了16万公里，只要有目的地，不用担心路好不好走，带好行李就出发就是了。记得有一次在山西，下雨天，泥土路，走在前面的轿车走的缓慢，时不时的打滑。咱啥事没有，只管给油走就行，一路超车啊，大众的4Xmotion不是盖的。还有一次，天津下雨，内涝，天津的朋友应该都经历过。当时雨已经下了一下午了，晚上回家的时候，十分小心的往家走，差不多还有几百米就到家的时候，前面的路水已经淹的很深了，好多轿车都不敢走，都停在地势较高的十字路口中间，急中生智，怎么忘了咱能底盘升降啊，于是把底盘升了起来，升到最高，慢慢悠悠的冲了几百米，安全到家。后视镜里看这后面十字路口的轿车，心里又为他们担心，同情他们，同时心里又暗暗窃喜，关键时刻还是SUV靠谱啊。&nbsp;&nbsp;&nbsp;&nbsp;所以这次还是先考虑七座的SUV，而且空间一定要大，最后一排不能憋屈。而且SUV我也没有多考虑，就看途乐，因为已经关注途乐很久了，那时途乐刚降价，性价比非常高，4S还没有现车，于是就去港口看过，只是那时候一直没摇到号，一直没下手。而现在中东的途乐已经出4.0的了，丐版已经降到五十出头了，内饰稍微改装改装，档次也就上来了。因为咱就在天津，去港口看车非常方便，说走就走。可是看了实车以后，有点失望，后排空间没想象中的那么大，还是能顶到膝盖，跟家里的14款奥德赛感觉一样。而且腿踩的比较高，长时间出行肯定不行。后备箱在后排座椅打开后，放不了太多的东西了，因为后排座椅是有角度的，大的行李箱根本放不下。所以途乐就暂时先不考虑了。&nbsp;&nbsp;&nbsp;&nbsp;V级从还没在国内上市的时候就在汽车之家上看过相关的报道，说实话，真是漂亮，非常成功的升级啊。之后等到他上市以后，也经常看V级的论坛。直到去年，我看到了一篇应该是当时威霆论坛里唯一一个精华贴“【出众，亦从容】豪华商务MPV，奔驰新威霆王者归来”才知道新款威霆也上市了。我好好看了这篇帖子，真的是被这篇帖子打动了。好好了解了了解威霆的各项参数。威霆的全系，车身长度都是5.37米。而V级只有最贵的一款车才是5.37米（就就想要大空间，所以V级5.14米的两款车型没有考虑）。而这两款车型，几乎差了将近三十万啊，差距太大了。虽然说配置和内饰上V还是甩了威霆好几条街，这个不容置疑。但是这动辄几十万的差价实在是在吸引人。再加上论坛里好多改装的帖子，觉得买一个最最丐版，改装改装，应该也比V便宜很多吧。而且这两款车都是2.0T211匹马力的发动机，都是7速变速箱。所以心里已经有了答案，就要威霆，就要丐版，然后改装。颜色还是比较喜欢黑色。&nbsp;&nbsp;&nbsp;&nbsp;既然决定买什么车了，接下来就是找车了。先给4s打了电话得知黑色没有现车，需要等。我问等多久，告诉我3个月吧，不保证，而且得加价三万。。。。。。我靠，还加价。上网上看看去，找到一家不是4S，但是说加价一万五。电话打过去，告诉我能保证有车，但是的加三万五，还不包含运费，运费三千。我说你网上写的不说加价一万五吗？人家倒是实在，告诉我我就是故意写低一点，这不能吸引你眼球吗。。。。。。。&nbsp;&nbsp;&nbsp;&nbsp;心想，反正还有几个月的时间呢（摇到号以后半年之内必须上牌），不着急，去4S先看看车去。到了以后，看了看车，5.37的空间果然名不虚传，令我非常满意。接下来跟销售聊聊天（销售非常不错，态度很好，挺实在的小伙子），得知现在丐版黑色的车非常少，厂家生产的就少，生产出来后有的就被全国的各大改装店大批的订走很多。而且黑色要的人也多，光他们4S店就已经有很多人在排队了，所以我在排队，真的不敢保证什么时候才能轮到我有车。巧的是他们店现在就有一款银色现车，但是是商务版，想提就直接可以提走。考虑了一会，又好好坐上车好好体会了体会，觉得，就它了，不等了。&nbsp;&nbsp;&nbsp;&nbsp;正面照，还是很虎实的，相比老款，时尚的很多。斜45度，修长的车身后身后45度目前车还没有改装，整个车身就动了前面的导航。这里吐槽一下，新款威霆真的是太节省了，连个收音机都不给配，在下也是服了。你说你给陪上了多功能方向盘，还有音量键的大小调节。我当时问销售，如果不改装，这音量键是干什么用的。告诉我，哦，就是摆设啊。换了这个大屏幕，看的就舒服多了，也有了导航和蓝牙，倒车影像，再加上原车就有的前后雷达，倒车就从容多了。把原来的按键改到了下面。倒车影像还算清晰。也很实用。这么大的车，还是需要一个影像的。多功能方向盘，还有换挡拨片。换挡拨片试过一次就没再用过了，一般想超车，给点油门就够了，变速箱的逻辑还算可以，降挡还算积极。到现在开了两千多公里了，油耗刚刚下10，感觉还会再降。加满油，提示能跑七百多公里。配有自动大灯还算比较良心，虽然说灯是卤素的，但是毕竟价格在这里摆着，现在威霆大灯的改装件还少，等过个一年，有靠谱的大灯，换一个。这个看的还算漂亮，手感也不错。前排全景，加了行车记录仪，不喜欢麻烦，直接走明线。全车的车顶灯光都是LED的，晚上全部打开看的很漂亮。还有前排的眼镜盒，挺方便的，设计的合理。比我开的老款C300合理，眼镜盒设计在主驾驶的头部的上方，之前刚开的时候拿放眼镜很不习惯。接下来看看空间吧，这才是我最满意的地方，也是这部车最吸引我的地方。第二排空间。全车滑轨，第二排第三排座椅自由移动。看这腿部空间。商务版双开门，两边上下车都非常方便。进入后排也非常方便，第二排座椅后面有把手，一拉就行。这是我调节好的第二排，看看这腿部空间。第二排不动，保持上一张图片的腿部空间不变的情况下，第三排的腿部空间。惊人啊，长途坐在第三排，再也不难受不顶膝盖了。看看第三排。就是这个把手，进出第三排非常方便，轻轻一拉就ok。拉开后的照片，进出第三拍轻松自如。这个上图第三排位置不变，后备箱的空间。放大箱子完全没有问题。大空间没得说。<img id=""img-0-26"""
bf03dcddf147460bb573efba2d134e80,1,黑内只有尊贵版才有，豪华版都是米内的， 尊贵版是贵，但用着不方便，后排上下车都很麻烦，要司机去操作，所以尊贵版都是请司机的方便,黑内只有尊贵版才有，豪华版都是米内的， 尊贵版是贵，但用着不方便，后排上下车都很麻烦，要司机去操作，所以尊贵版都是请司机的方便
d49871eefabf42f79b1e5cc37205165e,0,可以考虑来东莞,可以考虑来东莞
398946532e544fbc8a56053ff30964c8,0,期待着264加轻混,期待着264加轻混
5a31b94501564ebb9e39650b619a7f20,1,v级第三排座椅前后移动,                  哪位亲告诉一下如何移动轻松点每次都好费力                                                 
47a99679877547c7bbc54ac7b140bcd4,1,【内饰小改】 老妹助阵 新提大块头GL8的首秀,                  关注汽车之家论坛已经一年多了，一直都是默默的看着，也未发过论坛做过评论。自提了GL828T旗舰版已一个月有余，各方面开着都挺不错，就想着发个帖子为咱大胖GL8增增人气，现在已经开了三千多公里，各方面表现都挺不错，唯一感觉就是中控触摸屏用着不太习惯，趁着这两天做首保的时候，顺便带着家里的小老妹拍了几张照片。本人90后小腊肉一枚，在上学的时候就听过GL8的名号-陆地公务舱，一直都是非常想体验下GL8的乘坐感受。当然，对于90后来说，提GL8跟年龄很是不符合，正值青春洋溢的年经，更应该选择宝马三系、奔驰C级这样撩妹神器的车子才对，可是我也想买啊，但它们目前并不符合我的用车需求，等以后赚了更多的钱再去考虑BBA吧。关于用车需求方面，本人喜欢自驾游，更喜欢远途旅行，所有才选择了GL8。可能会遭到大家质疑，既然喜欢自驾游为什么不考虑SUV？其实自己在选车时候也是纠结了很久，SUV的通过性是GL8比不了的，何况这个价位七座SUV有汉兰达、锐界等，空间根本不是问题。但是最终经过深思熟虑还是选择GL8，因为它的乘坐舒适性是SUV比不了，远途驾驶游玩，不仅要考虑到自己，同样也要考虑到后排的乘坐感受，更何况现在路况这么好，许多景点轻轻松松就能到达。还有自从看了徐峥和黄渤主演《心花怒放》，对GL8更是迷得不要不要的，幻想自己开着GL8，带着朋友去趟大理~购车经历，全新GL8刚上市不久，目前车源貌似很紧张，我们三线地级市配额更是少，去展厅看车时，店里只有一辆39.99万的28T旗舰版展车，本来是考虑36.99万豪华型，但是居然没有按摩座椅，太坑了，所以只能多加些钱提旗舰版，多了按摩座椅，抬头显示，Bose音响，自动泊车，前雷达等配置，都是挺实用的配置，特别是Bose音响，很是喜欢。因订新车等车要一个月，展车颜色又是我喜欢的紫檀红，索性就果断提了展车，并用这个理由硬从销售经理手中要来了个两次免费保养。（这台展车4S店对其进行了改装，增加了实木地板，星空顶棚、迈巴赫顶棚、驾驶室软包等，迈巴赫顶棚听着是挺唬人的，晚上带妹子去小树林可是装逼利器啊~至于改装价格嘛，我有朋友就是做车辆改装的，当然要带着他去看看，各方面材质和做工看过才会放心。价格我就不透露了，因朋友本来就是干这行的，成本价拿的）4S店做的主驾驶软包，很好，不用在放脚垫了。实木地板，大家看着怎么样~在4S店看车时拍的，当时的感觉就是高大上，什么迈巴赫顶棚，星空顶棚，后来发现就是个坑，这迈巴赫顶棚让我晚上带妹子看星星怎么看。况且现在是夏天，这灯它散热啊。星空顶棚效果还是不错的。大胖登场帅气！！！LED灯帅帅帅侧面少了老GL8的雍胖感，更加精神抖擞了。老妹登场肤白貌美大长腿~美女和GL8更配昂公务舱座驾~最喜欢这张，女王范十足，虽然经常被我欺负非要拍出大长腿的感觉，大家看着腿长不长拍完准备返程妹这大胖你驾驭的了吗最后感谢老妹的支持~附美照一张                                            ? 0                                         0人打赏：                           查看全部                                                          每笔打赏汽车之家抽取10%建设维护费！                                                          
447d9a5a396f42bab8bb9e16a79bb7cf,0,老罗了解一下,老罗了解一下
dd6e7036ba7d4969ab6bdac973979907,0,奔驰威霆改装，合正诠释一车一世界,　　奔驰威霆改装，合正诠释一车一世界 　　奔驰威霆合正改装通过改善内舱格局环境，升级车舱内饰装饰，时尚奢华程度大大获得提升。驾驶舱采用真皮包覆，三幅式方向盘真皮包裹和木饰板镶嵌过渡，正副驾驶真皮座椅，配单独升降调节扶手和一体式扶手箱，座椅背部还配置了升降桌板，后舱前排乘员也能较好地利用上前舱的部分设备来丰富日常的房车生活。 　　航空座椅，前排单人长席座椅，依据人体生物工程学设计，头部配置调节舒适安全头枕，中部背靠可仰卧，底部还有电动升降的脚托；乘坐舒适，可根据临时办公或休闲生活等不同方面来调控座椅功能。后舱空调系统和空气净化配套，翻毛绒顶及迈巴赫宫格顶灯，游艇木地板，真皮包覆车壁，车窗内置电动布艺私隐窗帘，内部车舱整体降噪隔热静音处理，威霆房车内部环境典雅舒适，将后排连座平放成床或乘客自然乘坐，对于日常的休闲出行旅途生活都能够起到很不错的缓解疲劳效果。     
e352128ca44745b0a917a61f5f9f0cdc,0,请问一下威霆油耗怎么样？我想入手,　　我现在想买一辆威霆商务版的请问一下威霆油耗怎么样？噪音大不大？谢谢
e3993db3f426450db5698563aaf9327b,0,喜欢就可以买,喜欢就可以买
a95f3e83688a475c8b4a693759ee90e3,0,我一般是6个月保养一次。。。。。有时多有时少。。。。原厂配套的美孚的级别不高。。。。。别超过7000为好,我一般是6个月保养一次。。。。。有时多有时少。。。。原厂配套的美孚的级别不高。。。。。别超过7000为好
714ce90c684a4c91ba2b4ddc2c65ae2c,0,es28t等了两月竟然还需要等，这车这么火？,　　如题，等的心烦，贷款车，交了定金，分车了10多天了，还总是在路上，真着急不要了，定金咋退！
8166e0278e0842fda58b9943af24e8ad,0,es千万不要改，我吃了这个亏，装上去又拆了，碰头,es千万不要改，我吃了这个亏，装上去又拆了，碰头
e881bb9fea634da7baed7a16f5c7cc10,0,正常发动机温度高，风扇工作进行散热、降温，过一会就会自动停了。请无需纠结，放心、安心好了啊！,正常发动机温度高，风扇工作进行散热、降温，过一会就会自动停了。请无需纠结，放心、安心好了啊！
01f69d270a9c4670a8d194353be317d2,0,厂在哪里？可以去看一下嘛？,厂在哪里？可以去看一下嘛？
06c46ed457674db7a28466a3bf7db70b,0,问题就是验车麻烦,问题就是验车麻烦
f1086579659c42b28e4eaaa5dfb7a7ce,0,我也在等新款，等的累啊,我也在等新款，等的累啊
de8880ac8172459ebe28b67af11759ff,0,优先2899，如果实在要在这两个里面选，2529吧。不明白为什么有动力好的还要考虑动力差的。你看看，那么多车高功低功价格差一大截。这个价格差不多还犹豫个啥。,优先2899，如果实在要在这两个里面选，2529吧。不明白为什么有动力好的还要考虑动力差的。你看看，那么多车高功低功价格差一大截。这个价格差不多还犹豫个啥。
23f275d9c4f543bd9b05ce402215deee,0,好的，期待你的改装作业，最近也在考虑入手改版改装，怕咱们大庆的技术不成熟,好的，期待你的改装作业，最近也在考虑入手改版改装，怕咱们大庆的技术不成熟
befa1ea325f24ef3a4586565e8261f9f,0,请教各位胖头鱼18款28T豪华仪表故障灯问题,                                      5.20号提车600公里这个故障灯亮&#xec44;我停车熄火断电后重新发动车故障灯消失但&#xec29;跑&#xec44;一&#xed09;段路又亮起来&#xec44;请教各位这&#xec29;什么情况有没有遇到过这个问题&#xed24;朋友请赐教谢谢大家                      
e544d8f6ba73410c861d4049dfb3e325,1,你可以去实际去体验一下，埃尔法比V舒服多了，尤其是第二排座椅。更加上贴心的人性化的各种设计。V除了大，长，牌子，看起来比埃尔法豪华之外，其他的完败。另外开着埃尔法比V更舒服，埃尔法请司机或自己开都很适合，V自己开比较累，和埃尔法对比的情况下。,你可以去实际去体验一下，埃尔法比V舒服多了，尤其是第二排座椅。更加上贴心的人性化的各种设计。V除了大，长，牌子，看起来比埃尔法豪华之外，其他的完败。另外开着埃尔法比V更舒服，埃尔法请司机或自己开都很适合，V自己开比较累，和埃尔法对比的情况下。
3bd75a34da2d4d689f1c97237c5c6b65,0,新款埃尔法………,　　真是坑国人，低配才20万人民币  
c30388d2737e4ce1be491b31525ade2d,1,给朋友的推荐,                  朋友问我选商务车的时候什么是最重要的，凭着我这些年的开车经验我觉得商务车最重要的是空间和舒适度。因为商务车肯定会经常坐很多人，而且有时候会避免不了的要放些东西，所以空间一定很重要，还有，商务车可能会经常被用来做商务接待，舒适度高也能给客户留下一个好印象。朋友觉得我说的很有道理，然后就让我帮他推荐几款商务车。正好我最近也在关注商务车，所以就给他推荐了别克GL8和风行CM7。别克GL8有2.0T的排量，动力完全不用担心，自动挡，开着还是比较容易的，高配置电动助力的，方向盘会比较轻，座椅是2+2+3的布局，坐在后排上下车也比较方便，最后一排可以按比例放倒，兼顾了载物，我觉得挺不错的。风行CM7也是2.0T的排量，模拟6挡的自动挡，新出的18款全部采用电动助力，座位布局也是2+2+3，最后一排座椅不仅可以翻折还可以侧挂起来，这样不仅放东西的空间更大，而且还不用担心因为放东西而弄脏座椅，我觉得也不错。我把这两款车都推荐给了朋友，至于哪个更适合他就得他自己选了。                                                 
225bbac732bb4322a0db38e44d1836d3,0,这是什么位置？前后杠么？前后杠的话补漆笔没问题，反正也不会生锈，要是钣金位置，建议刮腻子喷漆处理,这是什么位置？前后杠么？前后杠的话补漆笔没问题，反正也不会生锈，要是钣金位置，建议刮腻子喷漆处理
51686784796848a89884bbe6a11d1806,0,真烦人啊。,真烦人啊。
9e1bd291d2bb4332ae912c6b0000ce6b,0,作为妈妈车来讲使用频率不会太高，平时通勤还是用原来那个小的。GL8的舒适度又满足不了真不知道要买啥了，买塞纳的人也不会考虑gl8，贵士万年老平台碰撞比gl8 es还惨，又贵出这么多实在没有理由选择。我家的es第二排牢牢被两个儿童座椅占据，所以干脆2899的满足功能需求的就OK。妈妈车就是工具车，好开、好修、好保养、不是太贵足矣。安全这个东西，这么多钱只能买到这个程度，也就认了。,作为妈妈车来讲使用频率不会太高，平时通勤还是用原来那个小的。GL8的舒适度又满足不了真不知道要买啥了，买塞纳的人也不会考虑gl8，贵士万年老平台碰撞比gl8 es还惨，又贵出这么多实在没有理由选择。我家的es第二排牢牢被两个儿童座椅占据，所以干脆2899的满足功能需求的就OK。妈妈车就是工具车，好开、好修、好保养、不是太贵足矣。安全这个东西，这么多钱只能买到这个程度，也就认了。
5cc16bfede4e464e85d7d6f731af46c8,0,香港的埃尔法，内地的GL8!,　　香港，无论是电影还是现实生活中，人们总能在街道上看到香港的”保姆车”典范丰田埃尔法，他出色的做工和舒适的乘坐环境使其成为了香港7座车的代表，名流的标配。而将目光移至大陆，无论从口碑还是销量上来看，高端7座MPV标杆非大名鼎鼎的别克GL8莫属。因而坊间流传着一句话：“香港的埃尔法，内地的GL8!”   　　在身处一个屋檐下的两大汽车成熟市场中，政商与娱乐界名流们的选择似乎十分一致，7座大型MPV总是会成为他们的出行首选。那么香港-埃尔法、大陆-GL8这样极富两地特色的用车环境是如何形成的呢? 　　香港的环境刺激了MPV的盛行 　　香港号称“亚洲四小龙”，经济十分发达。但是城市拥挤，汽车使用成本高(包括各种税、燃油费、停车费等等)，所以普通香港家庭会尽量只养一辆车，或者选用公共交通的出行方式。对于经济压力不大的政商人士来说，公共交通并不会成为他们的出行首选，但一车多用(家庭节能用车模式”还是受到了青睐。 　　由于这一辆车既要满足政商人士的全部用车需求，又要符合香港的特殊路况，所以该车型的选择变得至关重要。而7座大型MPV车型的四大特点，使其在香港家庭“一家之车”首选的竞争中脱颖而出。 　　1、空间大。对于政商人士来说，日常生活中多人出行的模式是必不可少的。只有五个座位的轿车往往无法胜任接送客人与家人的工作。同时对于这些“空中飞人”来讲，装载大量行李往来机场及工作地点间的行程也是十分常见的。所以MPV的大空间特性必不可少。 　　2、乘坐舒适。MPV车型有着傲人的头部空间，对于看重“面子”的政商名流来说，不需要低头弯腰进入车内会是很大的优势。而相对SUV车型而言，适中的底盘高度也使7座大型MPV车型的上车难度下降了不少。 　　3、灵活便捷。香港的市区面积小道路拥挤，无论是在行驶、停车还是乘员上下车，车长惊人的大型轿车和身材庞大的SUV会有很大的局限性，而车长合适、搭配电动移门配置的7座大型MPV完美解决了这一问题。 　　4、私密性更强。二三排的单向玻璃与高度合适的坐姿会使后排的重要人物没有那么容易受到狗仔队的攻击，另外相比C级甚至D级车更为低调的外观也会受到名流、明星们的青睐。  　　有一个民间流传的观点，在香港回归前乃至回归后一段时间，众多香港人回大陆探亲，地点大部分在珠三角地区。因为每次回来人数不少，只有MPV车型能一次搭乘。而最早执行这一任务的车型，正是丰田埃尔法。由于Alphard(埃尔法)进入香港市场较早，整体设计趋向豪华，而且在香港价格也不算太高，因此基本没有竞争对手，埃尔法也逐渐成长为香港政商人士与娱乐界名流的第一选择。 　　内地MPV市场开创者，GL8的进化历程 　　与香港地区不同，在别克GL8推出市场以前，MPV被国人视作“面包车”，在大陆并不受到推崇。而时至今日，说到国内的大型MPV，除了GL8，我几乎想不到第二个名字了。  　　GL8的成功大家有目共睹，但他的成功之道，并不广为人所知。从时机上来讲，改革开放以来，中国内地经济腾飞，商务用车市场需求急剧增加。GL8在1999年就进入了大陆市场，开拓了大陆的高端商务用车市场。各地政府和汇丰银行、索尼、摩托罗拉等国际著名企业纷纷批量采购。这一次找准时机的进攻为其奠定了之后的市场基础。 　　产品方面，与埃尔法一样，GL8拥有稳重的外形，舒适的乘坐体验以及极强的私密性，搭配灵活的乘坐空间以及丰富的储物空间，再加上低调气质与豪华配置的点缀，GL8在任何方面都非常契合公务/商务用车的需求。  　　如今，随着大陆收入生活水平的不断提升，以及家庭结构的特殊性(一般都是一方父母帮着子女照顾第三代)。近几年来，越来越多的消费者考虑购买7座车型。而MPV车型兼具大空间和舒适性的优势就显现了出来，出色的多功能性更能满足家用空间的需求。 　　一直将矛头指向商业市场的GL8，在换代之后也将涉足家用市场。虽说7座设计本身就符合家庭用车的习惯，但商务为主的全新GL8究竟能否受到家庭用户的喜爱呢?  　　首先从外观来看，全新一代GL8在以往庄严端庄的外型基础上，融入了别克品牌新一代设计元素：分层式的大灯设计，飞翼型的前隔栅造型，以及悬浮式车顶的造型，无一不在彰显GL8的时尚个性。对置式的门把手设计，配合电动门功能，平添了一份尊贵感。整体造型更加简洁、流畅，一改大家对于大型MPV的传统古板的印象。  　　将目光转向车内，全新GL8的整个内饰、中控面板、膝部以上接触区域，以及座椅位置等区域，均采用自然触感的软包覆材质，提升用户感受的同时，还强调了视觉的奢华感。第二排还配备了极其豪华的贵宾级豪华座椅，搭配加热、通风、按摩、扶手调节及侧翼六向可调航空头枕，为第二排的家人提供了媲美飞机头等舱的尊享体验。另外，相较同类车型，全新一代GL8的第三排座椅也得到了重新设计，椅面更长，并加装了同级少有的中央扶手，加上三排座椅的剧院式抬高设计，即使长时间坐在第三排，也能拥有舒适的乘坐体验。   　　空间方面，全新GL8整车长度达到5203mm，宽度1878mm，高度1811mm，已经是在满足城市常规停车位一把入库的前提下的最大尺寸;后备箱空间正常状态下即拥有521升，最大可达到1650升，可以说是目前国内同级别车型中为数不多的能够在7人满员情况下，后备箱依然拥有相当可观装载能力的大型MPV车型。整车轴距更是达到3088mm，确保了内部空间的舒适性。在充分研究了国内家庭用车习惯之后，全新一代GL8保留了2+2+3的经典座舱布局，并且通过座椅布局优化，保证了二排往第三排的通过性。第二排座椅前后调节行程加长，在保证了前后三排的乘坐舒适性的同时，也增加了空间的灵活应用性。一体化设计的二级踏板，和B柱上下车拉手设计，让你的父母和孩子能够更加便捷地上下车。  　　在动力方面，全新GL8采用了媲美3.0 V6发动机的2.0T涡轮增压发动机，峰值扭矩350Nm，动力强劲，油耗经济，在合资品牌MPV的小排量涡轮化进程中领先一步完成。同时，底盘结构的变化也与时俱进，升级采用了领先同级对手的独立后悬挂系统，舒适性和操控性都更进一步。  　　除了基础实力，全新GL8在科技配置方面也得到了大幅提升，安吉星4G LTE/WiFi功能可为全车人员同时上网提供服务，Carplay和智慧安全系统极大程度地提高了整车的智能性，多媒体娱乐系统也你的孩子在无聊的长途旅程中能够打发时间。感应式尾门让捧着菜篮的妻子也能够轻松将其开启，HUD抬头显示也为驾驶提供了安全保障。 　　总结： 　　不同的市场有不同的需求，满足消费者需求的产品才是最好的产品。而MPV市场中的埃尔法跟GL8之所以能在各自的市场中占据主导地位，其核心还是提供了符合消费者需求的产品(充沛的车内空间;舒适的第二排座椅等等)这些让他们超越了自己市场中的其他对手。“香港的埃尔法，内地的GL8!”这句话不仅是对两地MPV市场的描述，也是对两款优秀产品最高的赞美。
44d6873100544d5385817dd4c8724002,0,自己顶一下,自己顶一下
c0228f6b7dcb4f00b3d2e33b83ad1e0a,0,出手薇婷轮毂一套,　　奔驰V级运动版正品轮毂 适合V级 威霆等 喜欢正品的     
618ed2b30ade475d848a94a96dd4f651,0,我用的手机不知道怎么私信，能给我他们联系方式吗,我用的手机不知道怎么私信，能给我他们联系方式吗
aae1c9f6e8b949818229de074337586f,1,金外黑内，原汁原味,                  以前有过一辆唯雅诺，动力不行，自开很累，放弃家用，给公司用！现在的v款开起来完全不同，如同SUV，想换车，结果去年只有浅色内饰。今年有了黑色内饰，想买在帝都各种加价！后来在福州找了一辆马上让朋友付款，3000元运回北京上牌！车头大气简洁车门电动，侧面很长后面和德国的不同简化了驾驶仓不错，设备先进自己安装的电视，原装位，一插即可2排座椅不错，缺点中间没有过道，椅子按钮竟然无耻的不分左右大天窗不错，我贴了个反光膜二郎腿没有问题冰箱太深，2瓶水小桌板不错水加热水制凉后面行李竖
c255a6c6f648438a950da778fe75d00a,0,哥 加你关注啦 私聊聊呗,哥 加你关注啦 私聊聊呗
e990ad9ece2343afad8999a4202f1c7d,0,出一台自用，16年上牌GL8经典款，5万公里，银灰色，南京牌，车在南京。,出一台自用，16年上牌GL8经典款，5万公里，银灰色，南京牌，车在南京。
27df5019e6b64f34a4b4a5f4c5280a96,0,高顶的加多少钱啊高顶加多少钱啊？,高顶的加多少钱啊高顶加多少钱啊？
573fda85989245f9aaebc14abacbe537,1,新车一般油耗都很高，你的咋这么低,新车一般油耗都很高，你的咋这么低
6e7d119750c14b8890014d4e9b69ee90,0,本来考虑换台二手车的新款商旅，现在决定换商旅2.0T国六的新车了,本来考虑换台二手车的新款商旅，现在决定换商旅2.0T国六的新车了
2bf63967ac964a95a79adc791f5827fb,0,改装多少啊,改装多少啊
30ea366697ca43e69bc3b1403e0cc9df,1,2016阿尔法 后排两侧车门开关非常大的异响,                  2016.7购入丰田阿尔法3.5行政酒廊版后排两侧电动门开启时出现异响比较严重请教各位如何解决车过颠簸路面棚顶有碰撞声音请教大家如何解决谢谢                                                 
63d0a25757334f20b582694880769742,0,可以来上海呀，也欢迎你来江浙沪大组织,可以来上海呀，也欢迎你来江浙沪大组织
b85c0aeee2a54d2abde27996c5dfd4e3,1,家用就别选奥德赛和艾力绅.新GL8毛病多.质量不好.不急可以等27号上市的GL8.夏朗也可以.SUV可以等大众那个图昂.威霆空间挺大.不过家用不适合.配置太简陋.,家用就别选奥德赛和艾力绅.新GL8毛病多.质量不好.不急可以等27号上市的GL8.夏朗也可以.SUV可以等大众那个图昂.威霆空间挺大.不过家用不适合.配置太简陋.
9b3c4bbfbcfc4bb7bcdcce35c9325b01,1,刚提的车无法解锁怎么回事,　　钥匙无法开关车门，中控电脑开不出来完全黑的，车里面也无法电控两个门 
d5a03d4c8aa9431f9b7be81d7fd06f9a,0,有没有教程啊？？想自己装下试试,有没有教程啊？？想自己装下试试
18fed8ab5128424ab051e1f00fa07bbe,0,楼主你好，这个要看你的需求吧，GL8的尺寸应该比奥德赛大一整圈吧，追求空间就选择GL8,楼主你好，这个要看你的需求吧，GL8的尺寸应该比奥德赛大一整圈吧，追求空间就选择GL8
00df6af44c814a62ba7c35e94c378ef3,1,别克商务之家,                  本人从事别克商务二手车10余年&nbsp;从老款3.0&nbsp;2.5&nbsp;到28T目前为止&nbsp;估计售出几千台了&nbsp;都是非营运的&nbsp;10年2.5排量&nbsp;变速箱到了极致&nbsp;这么多年没遇见过老8变速箱发动机有问题的&nbsp;正常保养真是好车一台3.0路尊&nbsp;动力真是够用&nbsp;地盘扎实沉稳&nbsp;比老8提升了一大截&nbsp;但是冲挡的毛病就很常见了&nbsp;这个和司机的驾驶习惯有很大的关系&nbsp;13款3.0豪雅版配了双天窗&nbsp;但是没有吸顶电视&nbsp;有远程启动&nbsp;还是3.0的开着舒服&nbsp;油耗也不低啊16款&nbsp;2.4舒适国五排放&nbsp;4000公里&nbsp;车新的不要不要的&nbsp;虽然动力差了一截&nbsp;但是油耗表现十分出色&nbsp;高速5毛够了！&nbsp;从上海到烟台一箱油都用不了新车未上牌&nbsp;2.0T旗舰&nbsp;还未售出&nbsp;专业卖二手别克商务&nbsp;对这车感情太深&nbsp;更多gl8商务小毛病可以来问我&nbsp;这方面我是专家                                                 
a25118d21eb143bd9c1be898a5632f4d,0,领航和尊贵版,　　领航和尊贵版的侧裙是不是不一样啊
544e93f8f4c44f8da01e11c5e4b437f9,0,这个基本上就是常规保养就行了。你才跑了两万公里的话，完全没必要B保的啊。,这个基本上就是常规保养就行了。你才跑了两万公里的话，完全没必要B保的啊。
1109cec96dca42f4a5a1da766104e8de,0,在北京优惠多少？,在北京优惠多少？
972209fa4b1a48b0bcb713ed469ce346,0,17款2.5和18款2.0T胖头鱼 哪个好 求推荐,　　本人预算20万左右买个胖头鱼，去4S 新款2.0T 的是23万，国6 ，但是贷款全下来就得27万左右了，如果买2手的车况好的 18万多，但是是2.5 的排量，考虑动力和油耗，现在比较纠结
205d04aef05d47819265cb72e37e53b0,1,V的侧门响,                  总体开起来不错！郁闷的几点1.中排座椅通道(论坛有朋友已解决)2.后尾门开启大(论坛里有改装好的)3.噪音(论坛里有解决)4.侧门开启咔啦，咔啦响，让人很尴尬，档次下降！问4s，说是轨道链条是塑料的，门太大，通病！群里有高人能解决吗？                                                 
d88fd420de014d32a50c3c39a03c0b42,1,超级无敌舒服的GL8 之 路尊篇～～,　　哈喽 哈喽 大家好 在这里先给大家伙儿拜个早年嘿！祝福大家咯 ！今天给专门给路尊写个文章 就有了标题 哈哈哈 先介绍一下楼主 我98的 今年再过几个月呢也20了～真的是太快了 我打小别的都没兴趣就是喜欢车 爱车 发展到现在已经走火入魔的状态 哈哈 我18的时候就马上报了驾校 用了三个月把驾照拿到手 当天第一件事就是回家 感觉用电脑注册摇号！对！没错 我在一个天天各种堵的城市—北京 ！在北京呢 有两种东西呢我觉是最重要的 一个是车 还一个是房 我更偏向于车！至今18年了 我参加摇号不知不觉已经一年多了 
c00809698e194547b5d1dbcdf5c92b18,0,这个肯定的，换代还有四年呢，中期改款不会大动，但是一定会优化，保持领先,这个肯定的，换代还有四年呢，中期改款不会大动，但是一定会优化，保持领先
063afd1ee322400e962f363689dd0016,0,都降到10了，再等等别急啊,都降到10了，再等等别急啊
b037f044598b4cb89bf702b7936023a2,1,我家用，想买GL8，奥德赛太偷材料，3排碰玻璃，夏朗座椅太硬，232的没通道，不方便。马8，老艾都在去年犹豫中错过了，二手又不敢买，广汽传祺的GM8又迟迟不来，G10没第二排的可升降窗。哎！看来看去还是新GL8合适一点，高配有座椅加热跟通风，二排还带按摩，给父母坐挺好，空间没有日本车那张做到极致，但也够用了，我家都是小个子，这啥时候成优点了，现在最纠结的是GL8左侧不是电动门，不知道后期能不能加装！,我家用，想买GL8，奥德赛太偷材料，3排碰玻璃，夏朗座椅太硬，232的没通道，不方便。马8，老艾都在去年犹豫中错过了，二手又不敢买，广汽传祺的GM8又迟迟不来，G10没第二排的可升降窗。哎！看来看去还是新GL8合适一点，高配有座椅加热跟通风，二排还带按摩，给父母坐挺好，空间没有日本车那张做到极致，但也够用了，我家都是小个子，这啥时候成优点了，现在最纠结的是GL8左侧不是电动门，不知道后期能不能加装！
0d40c137ec224679a54b4c0d866ccaed,1,【新人首帖】萌妹子携高顶威霆前来报到~~~认证+申精,　　论坛潜水很久了，一直没冒泡，今天就给大家个惊喜！    意不意外？吃不吃鸡？  　　奔驰V260中网+V260大灯总成+雾灯  　　左前45度，高顶就是酷酷的  　　右前45度  　　换的威霆专用的侧开窗，原因都懂得  　　镜面奔驰标  　　中控真皮包覆，实木贴皮的方向盘，12.1寸多功能娱乐屏，常规改法  　　主副驾驶按了一套游艇木脚垫，高级了  　　门板包覆的皮子+实木贴皮  　　中间那个是冰箱，冬天暂时是用不上了，只能等夏天了  　　改了隔断+32寸升降电视（电视配了小米盒子，可以在线看直播）翻
529d355fa05a45fab4a6928f1484db25,0,我上周天天在高速上开着定速巡航和空调跑，,我上周天天在高速上开着定速巡航和空调跑，
ce7ad039342a4a0fa20e61bc4d65d336,1,车还没到，装饰的配件到了，纠结迎宾踏板到底装不装。,                  提车之前就把装饰的配件买回来了，开始有些朋友认为我会整成“乡土风”，其实不会，我就是按照高配的标准来，多的一律没准备弄，不过今天看了一个帖子，2899安装浅灰的中央扶手箱，貌似挺不错，支持实体店安装，这个有点动心了。再就是全车的迎宾踏板，没拿定注意到底装还是不装，麻烦装过的朋友们给点意见。最上面是中门把手的亮条，中间是中门下方的亮条，下面是后备箱的一个门槛保护板。网上很多大包围的把手装饰，个人还是觉得原厂设计的这种最好看，不多不少，提升质感的同时也不至于太过。发动机护板，号称钛合金，是不是不清楚，不过重量很轻倒是真的，也就20来斤的重量。预留的保养用的检修口厚度目测大约2mm的样子钛合金，好吧，你说什么就什么吧这个就是让我心动的中央储物盒，档次会有提升，并且220V的电源对于商务来说也是蛮实用，多出来的一些储物格也能用的上，相比之下，我愿意考虑牺牲这个小通道北京有专业的改装店，可以过去安装。什么颜色的都有，浅灰，米黄，纯黑。只是我在想，米黄卖给谁？有米黄内饰的都有这个配件了，卖给GL8系列别的车型么？这个高配的轮毂我也真心喜欢，价格也不贵，就是有点不敢，总感觉不放心。                                                 
dac5fbf1b59e4e03ab73fbb6d2ea5cf5,0,让你立马爱上的奔驰V260L内饰改装，每一处都是炫目黑科技,　　新鲜的改装案例呈上，可别说小编没有想着你们，话说奔驰V260最近着实有点嚣张啊，一般的内饰已经满足不了他们了。看看今天小编为大家隆重推出的豪华款改装案例到底如何。  　　首选是驾驶舱的内饰，虽然诸位不在驾驶舱中但是也要注意驾驶员的感受啊，看到这里就可以放心了，我们绝不会亏待驾驶员。橘色真皮的统一包覆，加上仪表台的VIP双色真皮订制，满足美感与质感的需求，加上豪华胡桃木的全车镶嵌订制，一眼就看到贵气，目测这辆奔驰V260不简单啊。 　　改装之后的乘客舱有种总裁办公室的既视感，全隔断设计给你隐私空间，一键式升降液晶显示屏更是不简单，加上多功能吧台暗藏的一键式折叠座椅，一处地方3处设计，更是脑洞大开的设计师安排好的科技感。 　　豪华航空座椅更是直接宣示主权，大气豪迈的外形设计加上太空记忆棉的优质填充，还有一键式全自动调节按钮，告诉我，这样还有什么好挑剔的？ 　　加高顶的奔驰V260更适合加云格顶灯作为顶棚设计，在增加采光的基础上更是让奔驰V260的霸道表现的淋漓尽致。 　　VIP订制雕花地板给人一种华丽的压力，踩在脚底的都是质感。没有错，真性情、真土豪。         
50e3fe125e55420eb2bd0d51515bd4c3,0,哪里48落地？北京吗？,哪里48落地？北京吗？
333069de9eb249daa8b40b0caeb9c71d,0,GL8左门电动安装加迎宾踏板,　　28T旗舰车主，买车小两年了，一直没怎么折腾，后来孩子大点了，单边那个手动门孩子不好开于是打算换一套电动的，满北京打听了一下，淘宝，实体店一问左侧电门没有原厂的，都是品牌的，不过现在技术也都成熟了，质量还是有保障的。价格嘛也都差不多，都是带顶棚控制，左侧门柱开关，钥匙开关~每个地方都差不多~随便找了个离我还算近的地方，姚家园这边，具体哪家我就不说了，要不以为我打广告呢~加了业务的微信问了问价儿，直接开车就过去了~到店小哥一顿麻利拆，特别熟练，技术也杠杠的~连拆带安三小时吧~完美解决~  　　可惜拆的时候没想起照相来，这是快装完的样子   　　顶棚控制的按键，正好有一个空闲的，装在这里了，师傅说也可以装在控制后排天窗那个遮阳帘那里~   　　左门边上的按键，挖了个洞，把线束塞进去，和右边门柱上的一样~   　　加装的迎宾踏板，这是前排的~   　　这是后排的
06a8c70c98e04f3791a7672c22c11239,0,这个配件叫啥名,　　这个配件叫啥名 
87863b2d708540dbbe323c26394950ff,1,五年之内埃尔法会有不加价购车的情况吗,                       各位朋友，同题，加价这个事从心里不爽，狠不下心买                      
32053174963d4e509fcd50c43d130f1e,0,小改埃尔法噢……,　　自用的埃尔法18款小改款的。17年底购入。 　　改装了 　　AIRLIFT系统气压避震。 　　work的轮毂。 　　前后包围。 　　TRD中尾段四出排气。 　　Ap9652 大6pot刹车。 　　室内Alcantara翻毛皮车顶?星空顶。 　　有喜欢的嘛？哈哈哈哈哈哈……交流交流。 　　有点想换车的想法。图片仅供欣赏……        
59b13f53f509480ea24c65bd614f81c2,0,已关注，多少公里了？,已关注，多少公里了？
14c330e30b874a2eb178a49d18e93a37,0,优雅的外观，低调的内饰——进口奔驰Metris迈巴赫版的华丽转身！,　　2019款进口奔驰Metris迈巴赫定制版，整体设计具有一定的持续性，新车采用了全新奔驰家族化前脸设计，流线型的设计，让奔驰Metris气质极佳。两侧LED车大灯勾勒前脸，三层进气格栅中间拱卫着黑色实心三叉星大奔车标，类轿车化设计使其看起来愈加的年轻时兴。奔驰Metris采用了短前悬设计，侧面线条平直，给人以四平八稳的视觉效果。     　　2019款进口奔驰Metris迈巴赫定制版商务车评测体验，进口Metris开端在国内市场蓄势待发，往常的汽车也不只仅是一项物质工具，其常常会派生出更为珍贵的肉体文化寓意，这款红透高端商务界半边天的改装作品，不时以最高姿态应战社会达人和精英们的品位。     　　这款进口奔驰Metris迈巴赫定制版商务车传承欧洲低排量、高功率、高性能，排量为2.0T涡轮增压发起机，变速箱采用7速自动变速箱增强版，最大功率抵达155/211/5500kW/Ps/rpm，最高车速185km/h。  　　19款进口奔驰Metris迈巴赫定制版商务车是第二排为两个独立航空座椅，他们不只座面宽大温馨而且内部填充高密度海绵久坐不变形，具有圆满的衬托感！在功用性上座椅具有通风、加热、七向电动调理、四向气动按摩的功用，搭配下方的腿拖可以带来不相上下的温馨乘坐体验。经过座椅侧面对开关中止控制调理，可以保证极致温馨的乘坐体验。       
df18375bf9264b579138ca494feca507,0,加不加价要看供需关系，***如果卡主进口中国的量，国内有没有其它更好的替代车型，加价这种事就难免……,加不加价要看供需关系，***如果卡主进口中国的量，国内有没有其它更好的替代车型，加价这种事就难免……
559a5ef02ac74560b6811f5e3b875345,0,倒车影像好像老款也一样胖头鱼也是偶尔神经,倒车影像好像老款也一样胖头鱼也是偶尔神经
f1b2663737a44a47ae34a4482c835dd9,1,李大叔好 2017/01/14 16:58:00 发表在 主楼 选车篇*********情迷SUV，家庭情况需要7座的，看了大半年的那国内神车SUV，看着要加价排队的着实烦，没有出手，其他品牌的SUV也基本上考虑过了。。。但是，最后的结论就是，所有的SUV的7座都是浮云，三排充其量只能是应急的。尽管我实际用途来看，也基本不是全都六七人出行，但我也真想六七人都舒舒服服的，所以最后决定MPV了，家人之重要胜于其他，SUV当然还是我的梦想（五座的），以后以后。。。。这是我的情况。*******MPV的选择会简单,李大叔好 2017/01/14 16:58:00 发表在 主楼 选车篇*********情迷SUV，家庭情况需要7座的，看了大半年的那国内神车SUV，看着要加价排队的着实烦，没有出手，其他品牌的SUV也基本上考虑过了。。。但是，最后的结论就是，所有的SUV的7座都是浮云，三排充其量只能是应急的。尽管我实际用途来看，也基本不是全都六七人出行，但我也真想六七人都舒舒服服的，所以最后决定MPV了，家人之重要胜于其他，SUV当然还是我的梦想（五座的），以后以后。。。。这是我的情况。*******MPV的选择会简单些，什么日本的那几个进口大牌子的就别想了，太贵，主要是没钱！其实，冷静下来的我也真觉得不值，我也觉得自己还驾驭不了那阿尔法。三四十来万的才是我的菜！国产... 我也想买旗舰版，可是这几个问题真的令人纠结！！ 整体来说，新GL8比旧款的提升明显(外形，内饰，动力)。但是，旗舰的一些配置必须吐槽1.抬头显示居然是一小块玻璃竖在挡风玻璃下，及其山寨；2.都已经顶配了，为什么左侧侧滑门还是手动，给个电动会死啊！3.二排航空座椅居然是手动调节前后移动；4.二排航空座椅腿托太短，支撑角度和长度都严重不足，只适合1.70身高以下乘客；5.三排中央扶手，做工粗糙，略显低档；6.中控屏幕尺寸太小，触摸按键不灵敏，易留指纹！ 旗舰版是不是提车相对容易些，你等了多久？
648e7767891142408e9de0f404fe1458,0,前挡风玻璃裂缝,　　今天在上海，车子有快50天没开，今天就想着出去溜溜车，在高架上开着车，忽然听到啪的一声，回头一看发现前挡玻璃裂了，不知道是什么东西打到玻璃了，也不知道换一下得多少钱，28T的 
432c826aaa5e4eb7b1de782c0fce532d,0,28T变速箱已经做的很好了,28T变速箱已经做的很好了
f2cea5499f0c48f39997d1e1ca48c815,0,还在纠结价值和服务？别克GL8 Avenir满足你,　　在国内商务MPV市场，别克GL8优秀的乘坐体验让其一直处于霸主地位。如今全新一代GL8不仅由内而外大幅度的升级，还带来了一款更高级别的别克GL8 Avenir车型，指导售价49.99万元，相比GL8 28T旗舰型贵了整整5万元。 　　别克有意将GL8 Avenir打造成为高端子品牌，Avenir源自于法语，意为未来，作为上汽通用别克的一个全新子品牌，它的出现代表着更豪华，更具专属感，打上Avenir标识的车型将作为各自车系中的高端版本。首款产品便是基于新一代GL8打造而来的GL8 Avenir，也就是意味着将来别克品牌旗下的诸多车型都将会引入Avenir版本。 　　对于消费者而言，品牌形象的高端固然可以提升拥有感，也更需求价值的体现，让我们来看看这5万元的差价体现在哪些方面 　　别克GL8 Avenir除了专属的外饰和更豪华的内装以外，专属的管家式养车服务才是别克GL8 Avenir的体验重点，在6年或12万公里的使用周期内，可以得到更省心的保养服务这有点类似日系豪华品牌的做法，至少国内市场是很有好感度的，对品牌价值的提升也很显著。 　　更全面的乘坐体验 　　作为一款兼顾公商务用途的MPV车型，我们重点体验乘坐表现，别克GL8 Avenir提供了更全面的乘坐体验，不仅第二排座椅的可调节范围更多，还提供了加热通风按摩等多种提升舒适度的装备，同时全新一代GL8在细节方面的设计也很值得肯定。 　　全新一代GL8的乘坐表现相比老款提升明显，而在此基础上的别克GL8 Avenir，不仅提供了触感更出色，感受更豪华的手工牛皮座椅，多种乘坐模式以及足够优雅的车内氛围灯，对乘坐体验的提升已经是同价位顶级。 　　动态表现更适应国内使用 　　早前引入的GL8是一款地道的美国车，虽然舒适性有余但动态驾乘体验并不完全适应国内使用需求，在全面升级的全新一代GL8不仅换装了2.0T的动力系统，底盘结构也做了全新的改变，解决了三个问题，还有一点不足 　　对于商务需求的客户，5万元的差价在可接受范围内，换来更具品质感的内饰以及尊崇的养车体验，还是很值得的而对于一般家庭用户，普通版GL8即可，乘坐体验和使用需求已经可以满足。而别克品牌官方向我们透露了目前别克GL8 Avenir的预订情况，不仅订单量超预期，并且更多的小企业主成为准车主，兼顾商务和家庭需求，可见别克GL8 Avenir的更高定位更好尊享理念是成功的。
fbeacfef7ae54dbdb4a275113139d601,0,还是去售后处理一下，看看是哪的原因导致的，保修期内是免费更换跟维修的，如满意请采纳,还是去售后处理一下，看看是哪的原因导致的，保修期内是免费更换跟维修的，如满意请采纳
e11faeb5708a4968a08ac148473bd1c5,0,同样纠结呢 260拆车贵啊,同样纠结呢 260拆车贵啊
9598265b47fe45e0abba810e3137140d,0,关注我了吗,关注我了吗
1075abc389584a98a01462acb4d0d155,0,车辆的保养里程和你更换的什么机油有关系，如果更换的是矿物质机油，5000km保养更换一次，如果是半合成机油，7500km保养更换一次，全合成机油，1万公里更换保养一次，时间上不要超过一年就好。,车辆的保养里程和你更换的什么机油有关系，如果更换的是矿物质机油，5000km保养更换一次，如果是半合成机油，7500km保养更换一次，全合成机油，1万公里更换保养一次，时间上不要超过一年就好。
e97ec950e6f74a10b9060ca8b55c4e52,0,兄弟我一看，你就不缺钱，直接都买了吧。玩摩托的，不可能是穷人的，看你的装备，头盔，车子。你不差钱。 但是GL8是一般结婚后人的首选（一般人做备车用。过年，重大家事，周末郊游）， 平时用的话途乐， 年前人，未婚有女友，牧马人，两个人可以去西部好好的浪。 当然，现在的GL8平时用用也行，油耗也下来了市区12-15.经常开也不怕大了。,兄弟我一看，你就不缺钱，直接都买了吧。玩摩托的，不可能是穷人的，看你的装备，头盔，车子。你不差钱。 但是GL8是一般结婚后人的首选（一般人做备车用。过年，重大家事，周末郊游）， 平时用的话途乐， 年前人，未婚有女友，牧马人，两个人可以去西部好好的浪。 当然，现在的GL8平时用用也行，油耗也下来了市区12-15.经常开也不怕大了。
22b3ec0fd9de48c38c8990fc92742b46,0,大神们低配大灯改米石好，还是换高配LED好？,
31d122435afc4cfb86cb47708e530170,0,自己科普一下,自己科普一下
8e2e0d6dc23b49bd88bc272140fd10ac,1,这车真心不错！！！但实在太贵。。。在日本都是20多起。。。。,这车真心不错！！！但实在太贵。。。在日本都是20多起。。。。
67021dafe421408e81b49cb4650c3d28,0,既然换了，就换个更好点的，这2.8T的东西有了但是你这功能实现不了。比如蛋蛋的冷风。,既然换了，就换个更好点的，这2.8T的东西有了但是你这功能实现不了。比如蛋蛋的冷风。
1659ce91c2f547d0a592988039d715e7,0,"南宁别克GL8专业音响隔音美容导航伟强改装。主营车型: 别克GL8 店铺理念:因为专注,所以专业。以优质的改装配件。","南宁别克GL8专业音响隔音美容导航伟强改装。主营车型: 别克GL8 店铺理念:因为专注,所以专业。以优质的改装配件。"
4eb4dfc9fd9e4cef987baf5d8a8c2745,1,五菱荣光，江淮瑞风，GL8，帕萨特都开过，还是威霆舒服，车大视野好变道超车都很方便，轿车视野没办法和威霆比的，目前车子又要大又要开的舒服威霆性价比最高了，大众迈特威，凯路威样子不够大气还贵，v260L更贵,五菱荣光，江淮瑞风，GL8，帕萨特都开过，还是威霆舒服，车大视野好变道超车都很方便，轿车视野没办法和威霆比的，目前车子又要大又要开的舒服威霆性价比最高了，大众迈特威，凯路威样子不够大气还贵，v260L更贵
8cb8fec0f0d840a7b55adb2259f691b2,0,好的，感谢。,好的，感谢。
9a91f3290af64427a3b6aa26787e846a,0,论坛里改装大片的挺多，有没有改装原车多媒体主机的车友？,                                      论坛里Gl8&#xeddb;改装加装升级&#xeddb;帖子挺&#xecac;&#xeddb;，但原车这么糟糕&#xeddb;&#xecac;媒体音响主机有没有&#xec63;换升级&#xeddb;！？原车&#xeddb;主机启动太慢了！每次启动倒车！倒车都倒好了，倒车视频都没出来！每次启动都&#xedb0;是&#xedc0;次播放&#xeddb;音源！真他妈&#xeddb;闹心！即使想升级全车音响！但主机这么烂！升级音响音源&#xedb0;好也好&#xedb0;到哪里去！挺好&#xeddb;车别克怎么配个这么山寨货都&#xedb0;如&#xeddb;主机！而且市场&#xedc0;也没好&#xeddb;主机可以匹配&#xec63;换！研究了&#xeded;久除了飞歌&#xeddb;导航主机说是可以但&#xedb0;支持原厂安吉星系统！改了除了方向盘音量能控制其它都&#xedb0;支持！车友们有没有好&#xeddb;方案！坐等指教！                                     
af9d2091202145358d51ccfdc51cff13,0,各位大哥，新车味贼大大家都是怎么处理的？,　　大概多久才会没有味道啊？
fab7d3a033134f1a87cb1dec0664811b,0,威霆改装，合正无隔断高顶内饰华丽变身,　　威霆改装，合正无隔断高顶内饰华丽变身 　　奔驰威霆合正改装将经典时尚的黑色外观搭配经典沉稳棕色的内饰让贵族气息变得尤为浓烈。方向盘中心和左右两端都是豪华真皮包覆，不仅是有层次感，并且令驾驶者更容易操作，桃木的搭配显得相称了不少。仪表盘上桃木装饰镶嵌，为了不造成驾驶者的视觉疲劳，将下方采用棕色真皮，手感更是不言而喻。航空座椅棕色全真皮包覆，金色流线型设计，菱形网格式针缝，享受科技与设计的全新结合。电脑集成控制系统让所有操作尽在指尖一触即发，隐藏式秘书桌乃是商业道路上的紧密伴侣，休闲与办公同样重要。顶棚与车身的连接处采用黑色桃木，在智能可控性氛围灯光下显得格外魅惑，钻石吊顶灯给人一种一车一世界的感觉。   
242a766c03e44003a7189cef7bf9f9af,0,感觉还是海拉五靠谱,感觉还是海拉五靠谱
1e197c31b9e946688f4e0bfdaf3a1148,0,没有留意到这一张贴子。确实改得非常漂亮。很有眼光。,没有留意到这一张贴子。确实改得非常漂亮。很有眼光。
59f88204b1a14e2ebf9a34c97ea19a79,0,GL8ES自动驻车问题,                                      大神们请问，我开启自动驻车开关的时候，空调开关也会跟着&#xec8f;起启动？这是怎么回事&#xee06;？是&#xec3f;是我哪里操作没对？是按下图AUTO健启动吗？                      
f1961a7a818449fea926957a96b6052c,0,实用与品位兼备 进阶的全新一代GL8,　　国人好客常常体现在宴席上，盆满钵满视为热情；放到法国人身上，却是硕大的盘子中间放一点点牛肉，这是美味升级到品味的过程。同样，一块地毯放到地上叫实用，转而将它梳理干净挂到墙上，则是品味。 　　六年前，GL8是我的工作车，也就是现在18万多能买到的经典款，应付一般的公务接待以及全家出行完全不在话下。时至今日，消费理念的升级以及用车环境的多元化让商务风格浓重的GL8有些捉襟见肘。在当时，除了接机标配、个人包车之外它很难有其他用武之地了。这一次，我将跳过中间的换代车型，直接试驾全新一代GL8 Avenir。 　　其实对于一款MPV我认为坐着舒服要比开着舒服更重要，大空间以及七座格局是这一级别MPV的硬指标。当然，历代GL8车型很好的诠释了这一点，然而全新一代GL8 Avenir尤其对舒适、豪华方面进行了针对性的提升，你可以把这款Avenire车型当成是一次拔高之作。 　　通常女士坐在副驾的时候最爱把包包放在这个上面，基本上大小通吃。全新一代GL8 Avenir对这个储物箱做了细分：深度可观的储物箱、储物槽以及一个可以拉出的小抽屉，无论是大件还是小件都有各自的位置，而且拿起来还特别顺手。 　　很显然，设计师在侧面的线条上没少费脑细胞，短前悬、长后悬的设计在保证轴距不变的情况下，进一步扩充了车内空间。这一点在较多的日系高端MPV上都能看到。两条俯冲式的腰线很努力的把视觉重心拉低了，之前臃肿的感觉一下就没了。同时，出于美观，侧滑门的轨道藏在了第三块车窗的下沿。点睛之笔在于C柱车窗亮条的下沉，配合悬浮式的D柱，一种豪华游艇的既视感。 　　全新一代GL8 ES以及Avenir对动力单元和悬挂方面重新进行了设定。每一个环节也都为接下来的试驾感受奠定了基调，那就是运动！当然，从这种驾驶风格上的转变也可以看出别克对于MPV市场的判断以及自身求变的决心。 　　大家关心的就是这台发动机能不能拉动新GL8 Avenir，参考一下老款V6 3.0L自吸的GL8，最大功率190kw、峰值扭矩290Nm。账面数据来看这款2.0T发动机在功率上只多了1kw，扭矩却多出了60Nm，加之涡轮增压车型扭矩输出早的优势，新GL8 Avenir的动力表现明显上了一个台阶，发动机转速超过2000rpm时，会有比较明显的推背，不猛烈，或许是在向舒适性妥协。 　　新GL8 Avenir的方向盘跟君越上的完全一致，尺寸更合适了，手感也不错，偏重的设定总算找回点“车主”的感觉，随之未来的操控、指向都要好一些，这是一个特别明显的转变。 　　换装多连杆之后新GL8 Avenir着重强调了高速行驶的稳定性和操控性。从支撑方面来看，它的确要比之前强，但完全没有到惊艳的级别。避振的表现一如既往的出色，细碎的振动也好、大的冲击也好，它都可以四平八稳的给你过滤掉，这是一辆MPV必须具备的潜质。 　　别忘了，还有更重要的试乘环节。我选择了第二排右手边的座位，据说这是老板位。调整到我认为舒适的姿势并且所有功能全开（烧包，没办法），同行的媒体老师充当司机。首先，宽阔的视野会让那种尊贵感油然而生，剧院式座椅的设定并不会因为你坐在后面而有所怠慢。 　　BOSE音响提供了四种不同的环绕声场，几种声场之间的区别还是很大的，不过我很快让司机调到了后排优先，但随着车速的提升，魁梧的车身开始跟风打架，呼呼的有些不合时宜。 　　变速箱的表现放在这里来说，第三代DSS 6AT加入了启停功能，它的表现已经非常尽力了，配合驾驶轻柔的司机，整个提速过程平顺、安逸。我之前担心的问题都没出现，长舒了一口气。如果暴力驾驶，它还会迅速降档配合你，其效率不知比从前强了多少！ 　　总结：我认为这一代GL8在外观设计上集合了经典款和2011款的优点，杂糅之后设计师又加入了最新的家族化设计元素，让它看起来年轻、时尚，短前悬、长后悬和很多日系高端MPV相近。内饰在豪华、科技方面已经做的很棒了，后排没有小桌板算一个遗憾。驾驶风格真的是华丽转身，你可以尽情的开，没人会说你是司机。最后，换装涡轮增压发动机并没有在平顺和舒适方面打折扣，做到这一点我认为就足够了。
5d0a8c8430c84e2cad0f7580cb50a4e4,1,中排不能过人的问题解决,                  换太空座椅，还能旋转，舒坦……                      
acea37cc20494a71924265d81714a37a,0,2个座椅20万 说了半天不适合我们这些***丝,2个座椅20万 说了半天不适合我们这些***丝
444d11a9465f496ebc910efff9bfe9f0,1,埃尔法作业-加用车感受及同类车对比 125更新,　　刚拍的一些照片，开了3000公里了，谈谈对阿尔法的感受吧，在成都买的车，从成都开来三亚过年，整体感觉不错，很日系，很舒服没有德系车电子系统那么多，但也挑不出什么毛病，符合中国人的做人之道，中庸。说说开过的车吧，本人第一辆车尼桑蓝鸟，当年配置很高，那时候广本雅阁还要加价，没有太多选择，当时只喜欢日本车，后来还买过霸道2700，对日系车还是比较情有独钟。之后去加拿大留学买了第二辆车阿库拉的tsx，之后换了德系车，基本bba都开过来了奥迪a4、a6、宝马e92-335i、奔驰ml350 bluetec，德系车是真的会给你很多小惊喜，很多小机关，像一本很厚的书，开很久还能发现你没有了解到的东西，感觉是一直有新发现，操控精准，但电子系统难免会出现很多小问题。日系车感觉是一次就能搞清楚，但这些就完全够用了。比较朴实的感觉，给人很牢靠，很有信心。后来回国买了卡宴、凌志es，帕萨特v6，途观，到这辆阿尔法，我觉得我开过车还是比较多，对车还是很有切身感受，比较有发言权，如果再买日系车也就是兰德酷路泽了。阿尔法，就真的是能准确的抓住国人的心里，空间够大，乘坐舒适，外形好看，皮试可靠，价格符合高富帅的标准，基本挑不出毛病，唯一对我来说的缺点是没有四驱，小日本为什么不能把本土四驱买到国内呢？真是搞不懂，贵一点也没关系啊！唯一的缺点 　　说说选车吧，第一辆看的奔驰v260，前脸确实好看，配置也高，59.xx万加三万，价格适中，但后驱在新疆确实不好使，而且福建奔驰做工不敢恭维，我身边的唯雅诺，威图，开个两三年，全车基本没有不响的地方，还是放弃。 　　我其实第一个选择是塞纳，本人在加拿大待了7年，minivan这个感情根深蒂固，美版奥德赛买不上，塞纳就是最好的选择，3.5v6还是四驱，储物空间无敌，没毛病，最后还是败在颜值了，还是经不住阿尔法的外貌啊，男人的共性！ 　　还看了迈特威T6，实用，空间大，四驱，德系，两次要付款了，都没给成钱，我就是要买现车，两次都是销售说被人定了如果第二天客户不交钱就给我，但是还是有缘无份没买上。 　　最后说说起亚嘉华，性价比之王，空间和塞纳差不多，配置也高，还有国内质保，真的是不错，如果不是国四，我肯定买起亚了，两款发动机都很不错，2.2t柴油高配30万左右和3.3汽油38万左右，真的是性价比无敌，外形也很符合国人审美，这个车我给9分。 　　最后还是选了阿尔法可能还是有缘分吧，最后谈谈阿尔法的优缺点吧； 　　优点1、开出去确实帅，哈哈哈。2、动力够用，油耗适中，皮实可靠。3、却是是乘坐舒适，比t6，塞纳，嘉华舒服太多太多，比奔驰v260，只能说是稍微好一点。4，还是帅。5，还是帅。帅是最重要的 　　缺点1，基本上没有储物空间，如果想多带点东西最后一排不能做人了，就是4座车。2、这么贵的车没有座椅通风真是说不过去了，这个是小日本给我们减配了，真是过分。3，四驱还有深色内饰不可以选配确实有点不合理。4油箱太小，续航能力有待加强。5，最后一排基本鸡肋，通过不方便，还没有小孩子安全座椅卡扣，太不合理了。6，这个价格的车了前天窗还是手动，我也是醉了。7，加价这事我真的是太tm讨厌了，要不你就把车直接定价豪华90万，尊贵100万得了，你这套极饿营销实在是让我对丰田好感大打折扣！行了也就这些了，以后有新体会再和大家分享吧。 　　最后总结一下，阿尔法是一辆你买了肯定不会后悔的车，虽然加价我确实很烦感，但有条件买阿尔法还是不会错的。  　　中规3.0卡宴   　　1.8四驱 途观  　　v6 帕萨特    　　ml350 buletec  　　e92_335i 手动  　　老款a4 四驱  　　acura tsx其实就是国内的思铂睿    　　twin turbo i6   　　正脸           　　二排通道，瘦的轻松进入    　　后备箱很小  　　隐藏储物空间  　　备胎   　　眼镜盒，和一些门控  　　前天窗  　　后天窗  　　双面开手扶箱  　　双面开手扶箱   　　360全景    　　后门开门健  　　电子手刹，hold功能不如大众，不够智能  　　氛围灯很多颜色  　　没有通风椅，太不合理了  　　toyo轮胎  　　230/50/r18轮胎  　　钥匙    　　同一小区一辆尊贵  　　同一小区，老款也很帅
9cbc63ced5514fc0930d0dc640267c3b,0,底盘车啥价格,底盘车啥价格
6d2bce80ff464a72afc7f5909b0904a2,0,估计是电瓶没电了,估计是电瓶没电了
4c61527cab8043c983288e6181fd7515,0,豪华再进化 高端样式的全新GL8 Avenir,　　高端品牌出副线那是非常得人心的，甚至会超过主线的影响力。不过，平民品牌出高端线就容易被很多 　　人误解了。在推出全新GL8之后，别克随即推出了全新的子品牌“Avenir”。因此，GL8的顶配车型， 　　Avenir就出现在人们面前。如果你只是认为它就是加了一些外观内饰的配置的话，那你就错了。 　　Avenir版本的GL8只有一个颜色，那就是伯爵紫。这个算是一个身份的象征。初次之外，如果你不是太了 　　解GL8车系的话，可能只是会认为他就是台顶配版本的GL8，从而忽视了Avenir这个子品牌的概念。从外 　　观来看，别克并不想做的太过于夸张，毕竟MPV车型还是属于低调的态度，否则也不会选择深紫这个颜色 　　。 　　酷似家族高端品牌凯迪拉克的菱形样式饰板的出现，告诉大家Avenir版本车型的内饰也并不会太过于高 　　调。材质的精挑喜欢，甚至不惜手工打造的座椅是Avenir版本的核心价值。在看似不显山不露水的情况 　　下，为您打造较为高端的车内氛围。 　　曾经标榜自己老GL8“大船式”的所谓美式豪华才是真的豪华的那些同志们，全新的GL8准备给你们的脸 　　颊上来点颜色。全新GL8的底盘变得紧致且精致，回弹阻尼不再是老款那种有种抑制不住多余动作的那组 　　弹簧了。动力在涡轮化后也不再把平顺当做是孱弱的借口。出色的隔音更是能让老板在160度躺平后，可 　　以舒舒服服的砸一觉。 　　至于说Avenir的价值所在，外观和内饰是一部分。更重要的是，当您成为这个全新子品牌的客户时，您 　　将得到更顶级的服务。例如：每一辆Avenir车主的背后，都拥有线上线下有专业人员组成的服务团队， 　　随时待命，为车主提供最专业的服务，这就是“私人车辆管家”，并可以要求提供上门服务。车辆管家 　　会针对车主的用车习惯和车辆的使用状况，为车主量身定制养车计划，并享受六年12万公里全生命周期 　　的私人养车计划。 　　总结：所以说，这台Avenir不仅仅只有高端的外观和内饰，更有一个团队在时刻准备的为您服务。它可 　　能是您打开Avenir家族的一把钥匙，拥有了GL8 Avenir后您的下一台车说不定一会来自这个家族。 
c8384844d8c74049a7e9a537084649bc,0,我的也翘起来了，4S说只是装饰作用，不会引起进水- -,我的也翘起来了，4S说只是装饰作用，不会引起进水- -
4916cc8403a14839ac01e17d630e50a9,0,四万多，小林哪里改的,四万多，小林哪里改的
7d73b81bd1f24777ac51354657bbfce8,0,我的也是左前响，烦死人了,我的也是左前响，烦死人了
02072a29bc324f61a418af949d0f6346,0,从市场定义者到匠心精神布道者，别克GL8为何跨出这一步," 　　驾驭、独尊、王者、傲视，这些群众们浑然无感的词汇却一直是广告营销者的最爱，这也造就了许多说者铿锵有力，闻者却轻蔑不屑的结果。不过对于有些产品，即便没人向你提示那些夸大空洞的词汇，脑子里能对应上的似乎也只有这些，上汽通用的别克GL8就是如此。 　　如果GL8一定要流于俗套的自称为王者，想必还真是很难有人站出来驳倒它。论资历，1999年别克GL8就实现了本土化生产，算得上是国内MPV的祖师爷。论销量，近二十年来，真正能在同一级别同等价位上挑战GL8的少之又少，你看广本奥德赛苦追了这么多年，成就也没能达成人家一半。2016年的前11个月，别克GL8累计销量是7.9万辆，而奥德赛的成绩是3.46万辆，数字的背后也是两者当下立判的江湖地位。论口碑，只要你提及MPV需求，那些热心老司机们向你推荐的车型列表中十之八九会有GL8，这辆车已然成了一个细分市场的标志。 　　敢于走出舒适区的市场定义者 　　何谓之舒适区？在这个区域里,每个人都会觉得舒服、放松、稳定、能够掌控一切，这是一个令人陷进去便沉醉其中，难以自拔的区域。对于GL8而言，即便是单凭实力就可以碾压对手，即便在30-40万的价格区间内的MPV市场难寻对手，但面对时代的洪流，面对整体消费大环境的改变，敢于走出自己的舒适区，也许才是一个强者真正的格局。 　　相比GL8问世之初，目前国内大型MPV市场已经完成了从襁褓婴儿向青春少年的转变，虽然还算不上绝对成熟，但一些秉性已经养成。在早期，公商务用途与私人用车在中国绝对是两个泾渭分明的市场，而现在这一界限已被冲破，更多的家庭需求开始渗入到了价格25万元以上，能够舒舒服服坐满7人的大型MPV市场，原本只是全心为商务服务的别克GL8自然也要有所应对。因此在11月5日上市的全新一代别克GL8身上，你能清晰看到更多关于细节与质感以及用户体验上的改变，GL8也籍此重新定义了自己。  　　如果对GL8系列的进化史了如指掌，那你一定会意识到这次全新一代GL8的变化是这个系列入华17年来最彻底的一次。在减弱了前几代车型的沉稳之后，全新一代GL8的设计风格转而向着私用市场偏移过去。座舱之内，更宽敞豪华的全新一代GL8则是意料之中的在舒适的道路上将竞争对手越甩越远。而当我们真正要谈及设计，谈及对于细节的把握，那么全新一代GL8一定可以看作是对前款车型的一次彻彻底底的革新，而GL8 Avenir，则可以称作是此次革新的点睛之笔，为什么这么说呢？ 　　细节至美唤醒匠心精神 　　在需求日新月异，技术快速更新的当下，为一处不起眼细节，却仍要花费上旁人所不能理解的时间与精力，这不仅是区分伟大与平庸的关键，这是工匠精神之所在。在中国传统文化中，工匠精神原本并不缺乏，中国制造的丝绸、瓷器、金银器都曾享誉世界。但是在当代，各种追求短期效益，消费信誉，饮鸩止渴的模式却对中国制造造成了不小的伤害，匠人精神也因此成为了稀缺。细致专注，去除取巧的心思以及虚伪的浮华，在浮躁的市场中保持淡定，沉稳自信，站在巨人肩膀上的GL8 Avenir是唤起匠心精神最好不过的选择。  　　其实在2015年北美车展上，别克曾展示过一台名为Avenir概念车，意指“未来”，并集成了别克对品牌未来的想象方向。而一年之后，Avenir已成了别克最新推出的一个高端子品牌，GL8 Avenir就是这个品牌引入的第一款车型。 　　在别克的眼中，Avenir品牌将会是其未来增长的关键，但在旁人看来，眼前的GL8 Avenir本身才是解释别克这次出乎意料的最好答案。在上有凯迪拉克，中有别克，下有雪佛兰的布局之下，GL8 Avenir着实为一步妙棋。  　　了解GL8 Avenir最好的方式是从关注细节开始。曾执导过“印象”系列实景演出的著名导演王潮歌说过，细节是一种态度，细节是向时间致敬，而GL8 Avenir身上的那些细节，同样也是解释Avenir意义的钥匙。  　　如果只是粗略比较，专属的18吋轮毂、特别设计的车头格栅、更高品质的内饰以及特有的伯爵紫颜色，都是GL8 Avenir一眼就能辨出的不同，但只有仔细留意，你才能体会到GL8 Avenir所说的细节上的偏执。比如在车头格栅、车内座椅、内饰面板、车门饰板等地方出现的菱形编织符号，灵感来自于别克家族徽标中世纪贵族的锁子甲，而其中的每个角度、转折和缝线都经过了多次的调整才得以最终定型。  　　车内由紫、金、蓝三大色系所组成的18色顶部氛围灯光；采用麂皮绒包覆的车内顶衬、遮阳板以及门柱；达到居家级品质拥有柔软触感的高档地毯。在各种体验与细节表现上，GL8 Avenir所给予的都远远超过了人们的期待，车内的每一处都是在以艺术的方式来表达着自己的独特。  　　别克Avenir以近乎于艺术家一般的苛刻来费心雕琢，也并非是为卖弄技艺，为奢靡而豪华，而是在寻求一个新的细分，寻求一批能与GL8 Avenir产生情感与价值观共鸣的精英。至此，人们也能完整猜出Avenir如此热衷于细节的缘由，除了品牌向上之外，无外乎还承载着别克匠心回归的情怀。  　　当然，身为高端子品牌，Avenir与时尚也有不可分割的联系。在12月20日举办的2016数字时尚盛典慈善之夜活动中，上汽通用别克品牌与CHANEL、FENDI设计总监卡尔·拉格斐正式宣布跨界合作，将携手为GL8 Avenir打造一款艺术车。作为有着“时尚”与“匠人”双重符号的“老佛爷”卡尔·拉格斐对于自己首次跨界汽车品牌合作也是极为期待，他表示“别克品牌拥有百年历史和深厚的美学底蕴，为GL8 Avenir设计艺术车是一次致敬经典的创新尝试，我所钟爱的就是尝试从未尝试过的事。”而这对Avenir品牌同样也是一次大胆的尝试。 "
c88ddadaca8c4226b2129479cf475a75,0,咱们想法一样,咱们想法一样
e792ecde7499486d87a5f79cb22f13a5,0,是不是靠边停车时，熄火的同时不小心碰到了转向灯,是不是靠边停车时，熄火的同时不小心碰到了转向灯
3f50537495904add9af88a7c4d243304,1,今天试驾威霆感受,                  对威霆感兴趣是因为觉得S级太贵，一时买不起。而威霆经过改装后可以给乘客迈巴赫级的感受。平常接待客户我都是用普拉多，这实在是太像矿长的感觉了。威霆29.9万的起售价还是不错的，可惜深圳只有一家店，于是约了来看。这是最低配改装后的样子这个前脸还没改这个是高顶的高配，落地90万，确实豪华。中控已经改好舒服                                                 
58894909f6924a4789bbce337af78944,1,加价不少，还换了低配轮毂，4儿子太孙子了！,加价不少，还换了低配轮毂，4儿子太孙子了！
37d93ae686a44c2982fd6dbf6dfd9b31,0,点烟器拔了，没东西链接，还是有，就加了个倒车雷达，其他没加过。不开雨刮啥事没有,点烟器拔了，没东西链接，还是有，就加了个倒车雷达，其他没加过。不开雨刮啥事没有
4465710959af4d278fbdddbbaa4758fb,0,求教老车主 着车异响和小毛病多吗,                                      家里6人每年冬天往返南方&#xecf0;北方...对&#xecc4;空间mpv刚需....对价格&#xec8e;敏感...只求实用故障少..真的没精力修车什么的..看&#xedd9;奥德赛比较钟情...但对比v260以后奥德赛空间太&#xecba;&#xedd9;...但偶然看到论坛帖子说v260异响严重...全车&#xecf0;散架&#xecf1;样..我计划买50&#xed9a;万那个中配版本..买后为&#xedd9;避免故障..计划&#xec8e;做任何改装，维持原厂状态使用..求教各位老车主...这个车使用中真实情况感谢??                      
148e31d222004aad8b3aa1f4e99ed427,0,我买的木地板都有防水的涂层，缝隙也有防水处理，不用担心的,我买的木地板都有防水的涂层，缝隙也有防水处理，不用担心的
80972fe5316d4729a1cc3bedefc8cfc8,0,qczpgz,qczpgz
d5683e34bdd6486a98f6654126888474,0,和我类型一样～电瓶问题，和钥匙没关系～你车里是不是改装了其他电子设施，行车记录仪，360度倒车影像之类的～多开开给电瓶多充充电就没事！,和我类型一样～电瓶问题，和钥匙没关系～你车里是不是改装了其他电子设施，行车记录仪，360度倒车影像之类的～多开开给电瓶多充充电就没事！
336bb0df4d8748a1b370112fb2cfb88e,0,应该不会，人家改这个挺专业的，都在排队着改，没听说过有这种情况！,应该不会，人家改这个挺专业的，都在排队着改，没听说过有这种情况！
6d247ae0934a4b178d140918f76ce42b,1,别克GL8新款 全新一代GL8更优轴距比例,                  全新别克GL8豪华商务车的外观设计源自之前在车展上屡获好评的“别克商务概念车”，经典霸气的立体直瀑式格栅，辅以多维蓝光Bi-XenonHID前大灯，给人一种灵动的感觉，令人耳目一新。2011款别克GL8商务车的改动不大，在保留之前陆尊经典设计的基础上对外观细节和动力部分进行了一些更新完善，对于日常商务用车来说，大气沉稳的风格，亦是不错的选择。全新别克GL8豪华商务车的外观设计源自之前在车展上屡获好评的“别克商务概念车”，经典霸气的立体直瀑式格栅，辅以多维蓝光Bi-XenonHID前大灯，给人一种灵动的感觉，令人耳目一新。2011款别克GL8商务车的改动不大，在保留之前陆尊经典设计的基础上对外观细节和动力部分进行了一些更新完善，对于日常商务用车来说，大气沉稳的风格，亦是不错的选择。环抱式中控台仍然是熟悉的别克风格，酒红色的仿皮材质中控台带来了质感的提升。作为旗舰版车型，车内的豪华配置也相当齐全。包括带倒车影像的导航系统，安吉星、双区独立空调等配置均一应俱全。二排座椅的大尺寸液晶显示屏已经独立的功能操作区域带来了VIP般的享受。别克新款GL87座商务车的Floating悬浮式中控台首次采用了酒红色皮纹材质设计，为车内贵宾带来精致细腻的视觉享受；全新的米色真皮豪华座椅，别克新款GL87座商务车由头层小牛皮精工细作，触感柔软厚实，配以按摩、通风、加热功能，为全程商务之旅备添舒适尊贵。7座商务车别克GL8对于第二排乘客，除了独立的影音系统、空调之外，还带有双杯架、三向电源，座椅前后调节带通风、加热及按摩功能，可以说第二排乘员备受关照。新总结：别克GL8在豪华商务车中，依旧保留其大气稳重的风格。且在中高端MPV的领域内，依然保持着一定的优势。从综合实力考虑，GL8仍然不失为各位老板们的首选车型。且定位决定了它的市场前景不能不好，它配置够丰富、性价比很出色，居家载人载货皆可，重要的是这是一台足够有面子的MPV。                                                 
f0256bf2e7f043dca102bc6730bc6cf3,1,V级驾驶中噪音到底如何,　　试驾260 l，感觉80速度有些许噪音，胎噪和发动机的声音还是蛮大的，反正没有安静的环境，不知道有车的感觉噪音状况如何？
14e815e8a799413ab59972f90a0d00e4,0,人家是便宜30w不是卖30w。关键多少钱没说,人家是便宜30w不是卖30w。关键多少钱没说
4217741548134791a7d87b34c2fda3c8,0,木地板特别容易脏 有没有什么好办法？,　　感觉铺了木地板特别麻烦 整天都在擦地板 大家有没有好的办法或者好的垫子推荐
cef114c1b3f249c99235bef9e215315e,0,全新别克GL8符时下潮流 家用商务两不误,　　在中级MPV市场上 自主中级MPV自始至终都是一个空缺 。一直被别克GL8和奥德赛牢牢占据着，别克GL8是商务MPV的首选，而如今家用也会选择别克GL8了。 前段时间，别克推出全新一代GL8，备受市场的认可。 　　可以看出，全新GL8加强了对家用需求用户的照顾。在商用车领域，GL8的地位已经足够高了，所以全新GL8加强对家用需求的照顾也是合理的。全新GL8的价格区间从28.99万起，相比奥德赛等车型来说相对较高。感兴趣的朋友可以到店试乘试驾。 　　全新别克GL8符时下潮流 家用商务两不误 　　外观方面，别克全新一代GL8采用了最新的家族式风格。新车的前进气格栅采用了飞翼式设计，这是别克品牌的最新家族特征，相比现款车型看上去更加时尚。除此之外，新车还使用了全新的前保险杠设计。高配车型还配备了由23颗LED组成的大灯，点亮后效果出众。 　　全新别克GL8符时下潮流 家用商务两不误 　　车身侧面，全新一代GL8缩短了前悬，隐藏式的B/C/D柱设计营造出了悬浮式车顶。而相比现款车型，新车的第三排侧窗进行了加长，使得整车的侧面线条更加修长。尾部设计较为方正，根据官方介绍，全新一代GL8采用了全铝材质的后备厢门。新车尾灯同样使用了LED光源，共有57颗，点亮后辨识度比较高。 　　全新别克GL8符时下潮流 家用商务两不误 　　车尾的造型焕然一新，后挡风玻璃与尾门高度调至黄金分割比例，视觉重心更稳；贯穿尾灯的镀铬饰条配合全LED光源尾灯，成为车辆识别元素之一，美观且醒目。 　　全新别克GL8符时下潮流 家用商务两不误 　　动力系统方面，全新GL8标配2.0T发动机和6速手自一体变速箱，相比老款车型的2.4L和3.0L发动机来说，有着较为明显的提升。根据官方数据，新车0-100km/h加速时间为10秒以内，百公里油耗低于9L，这样的数据相比老款车型有着很大的进步。悬架方面，全新GL8采用多连杆后悬架，而且部分连杆采用铝合金材质，这也是相比老款车型较大的变化。 　　选MPV车型，家人乘坐的话舒适度最重要，7座SUV的第三排空间太局促，而且会牺牲掉后备厢空间，行车过程中万一追尾还特别危险。在家用方面和商用全新别克GL8都能胜任。面对如今二胎政策的开放，我更推荐全新别克GL8家用商务出行两不误，外观也符合时下潮流。
7ee8dab37071428d9b06c830d4e6a475,0,最近一个月平均油耗多少,最近一个月平均油耗多少
97e4aa5adbd540a6ac268d9f52c0e46f,0,2599胖鱼头28T,　　这款车有没有玻璃停车升降功能？
32914e28d1114a9eb9ecba4332730b21,1,GL8旗舰100以后就方向盘开始抖，朋友们有这种情况吗？,                  100以上方向盘就开始抖，120以后全车抖动厉害，新车两千公里了                      
68b7da8d56a24d7ca733d98e0ade86f3,0,看下保养手册怎么要求的，一般按照正常情况来说，保养项目按照保养手册的要求和推荐的项目进行就可以了。,看下保养手册怎么要求的，一般按照正常情况来说，保养项目按照保养手册的要求和推荐的项目进行就可以了。
c82b55d5b6a14dba80778ad7f8ba7bcc,0,国产 早就不生产了,国产 早就不生产了
968bf30f779f48aea7818149fec2fee5,0,Gl8隔音很差吗？我用过两代3.0都觉得隔音很不错，比两田好很多。,Gl8隔音很差吗？我用过两代3.0都觉得隔音很不错，比两田好很多。
f2eebb4a1aea4f55a5b85d4bc2df35a8,0,上电吸的效果好，不信可以多去问问改装店。塑封杆声音要小一点,上电吸的效果好，不信可以多去问问改装店。塑封杆声音要小一点
cdcf2ca1887b432f8c46318f293b8d2d,1,别克新GL8,　　别克GL8 2017款 28T 旗舰型 　　【点】 　　车设计车内细节经过处理材质又使用顶配豪华所以问我么我里整个车 　　【空间】 　　刚用久空间充足表现明显在车放松或者合适会空间紧促因为来回前后调动移前都影响调位后用空间感还公司来通常都有箱导也有箱而且人箱还3个箱放要技巧然放家用话分隔格同西同格子里科学 　　【动力】 　　2.0T机快机音扭表现在日常动力游刃有余
44c8da488f2045ed94a0150fc4db6e05,0,车价有地区差异，并且差别可能会比较大，建议参考汽车之家口碑中本地车友的报价。,车价有地区差异，并且差别可能会比较大，建议参考汽车之家口碑中本地车友的报价。
f01d194bb0784b52b0a8135e6dc7811c,0,麻烦发下配置清单价格,麻烦发下配置清单价格
35e2d64909884790961bd530ac9a6e38,0,28T商旅？颜色就是比之前的好看！！,28T商旅？颜色就是比之前的好看！！
3078e9632d044d8d980b217e9250dd59,0,尊贵的就是航空座椅，拿回去直接开，没特别的要求，拿回去直接开,尊贵的就是航空座椅，拿回去直接开，没特别的要求，拿回去直接开
05280ea9b87a4d5ab9d3713d9842912a,0,还有大灯不一样,还有大灯不一样
1e095c575bc04c0cad5fb5852a0b3ee1,0,上汽通用汽车全新一代GL8使用价值手册,　　但随着近年一大波“小鲜肉”MPV的横空出世，通用别克似乎察觉到老款GL8可能快要过时了上一次GL8换代还是3年多以前的事，但当时刻板的外观给人留有一种除商务外不可他用的压迫感。全新GL8共推出五款配置车型。全新GL8的主要变化大致就是这些，但前面我提到过从这—代起GL8开始变得宜商宜家，所以在配置车型的选择上也出现了分水岭。 BUiCKGL8树立新标杆上汽通用别克GL8新车价值手册 在国内提及商务MPV时，99%的人最先联想到的车型绝叉寸是别克GL8，这也不难看出它在人们固有印象中无可撼动的绝对地。这次换代的GL8启用了年轻化的家族式外观，内一外设计也都变得时尚起来。与此同时可定制化的Avenir版车型不仅没有令它丢失应有的那份豪华感，更赋予了它自由多样化的提升方案。应该说从这一代开始，全新GL8变得更加全能，充满生活气息的设计，使它宜商也更直家。全新GL8共推出五款配置车型。价格区间在28.99万-44.99万元之间。竞争对手上，能产生交集的车型要么是上探40余万的大众迈特威、丰田普瑞维亚、日产贵士等一系列进口车型，要么是下探20余万的东风本田艾力绅、福建奔驰威霆等车型。跨度之大基本比无可比。但有人会说大众夏朗不是与它价位相近定位相似么？看看夏朗在国内的认知和销量，还是再议吧。造型这种东西见仁见智，所以我们还是着重来聊变化点。首先，车身长度相比老款GL8不增反减，但是轴距不娈依然保持在3088毫米，即使在7人满载的情况下后备厢位置仍能放置大约520升左右的行李。但有一点值得注意，全新GL8对第三排座椅做出了优化改进，不仅增加了中央扶手还支持平铺折叠，也就是说在第三排不乘坐乘客的情况下，能够获得接近1650升的容积空间，这一点要比老款GL8不能折叠的．．第三排优秀的多。_．中控台变化不算大，显示区域的触控按键削减了不少，更多的被集成到了中央屏幕上，使前排驾驶区域变得更加简洁。由于全新的多连杆式后悬挂结构取代了老旧的扭力梁式结构，后两排的乘坐质感也有了本质的区别。动力部分，2.OT发动机搭配6速自动变速箱，一举替代了老旧的2.4升发动机和3.0升发动机，在动力平顺性和燃油经济性方面的表现确实有了长足进步。全新GL8的主要变化大致就是这些，但前面我提到过从这—代起GL8开始变得宜商宜家，所以在配置车型的选择上也出现了分水岭。入门的28T舒适型和28T尊享型更加适合家用。像自动空调、电动天窗、后部隔热玻璃等基础配置者B有出现，而像安吉星、前排气囊、侧气帘、第二排儿童座椅接驳口等安全辅助功能也无一缺席。两者之间主要的配置差异集中体现在诸如LED头灯、后视镜折叠加热．带电调及加热功能的前后排真皮座椅、导航及车载电源等方面。当然为了这些配置你需要多掏4万元，至于是否值得还要看你在日常用车中对这些配置的使用频率。若是老人和小孩经常同时乘坐，出于便利考虑，个人还是更加推荐28T尊享型。若是商用那么我强烈建议从36.99万元的28T豪华型起跳，同样28T豪华型与28T旗舰型之间的价差为3万元。在上文家用配置基础上，这两款配置车型还将增加全景天窗、无钥匙启动／进入、电动侧滑门、感应式电动备厢门、倒车影像等豪华配置。而多出的3万元则会为你带来前后泊车雷达、前后排通风按摩座椅、后排显示屏、顶级音响以及一系列辅助驾驶功能等，将面子工程提到一个全新的高度。若从商用价值角度来思考，其实28T豪华型已经足够撑起门面，是否还需提升全看您接待对象的层次了。至于像Avenir这样的定制化车型，它的出现注定是为小部分人而存在的，所以并没有什么推荐价值，这里也就不再赘述了。总之，家用力推28T尊享型，商用力推28T豪华型，若是两者均沾，28T豪华型绝对是不二之选。 
9b8acd56741a4bb7b14043399f0f2839,1,首保后首次远行!,"                  此行目的地宁德市寿宁县，快靠近浙江省。厦门来回1千出头。中间在福州市休息一晚。主题是，沿着当时担任宁德市地委书记的***到寿宁县上党乡调研路线重走一遍。这个标题有点大了，其实是寿宁有朋友在那，顺便玩下。埃尔法的优势明显，但个人有点觉得高速风躁有点偏大。空间的话第三排最好只座2人。行李可以放6个小行李箱:二、三排空间要整体往前移动，空间够用，但有点拥挤。前排24号福州晴厦门到福州市托家带口的近点在近点下午变天森林公园路街道景点偶遇加长餐厅饮食走楼梯的五星级洒店自助第二天爬了会山，准备出发下一站。福州街道雨突然而至全景温度手机导航车库先去机场接一朋友机场到宁德市宁德市地委***办公室学""习""夜宿寿宁县廊桥酒店。夜景。第三天下党乡春江水暖廊桥。明代。                                            ? 0                                         0人打赏：                           查看全部                                                          每笔打赏汽车之家抽取10%建设维护费！                                                                                                                                                                                               哈尼哥                                                          置为精华帖                             2017-04-30 07:07                                                                                                                哈尼哥                                                          帖子推荐                             2017-04-30 07:07                                                                         "
302a82ab91c240b2b3dfef1ca9e68305,1,后排娱乐来一套,                  淘宝了好几天，后排娱乐来了一对，细看微微有点山寨，价格1千多一只，也就这个水平了，比ipad原厂支架实用，有点插的不结实，用点力能拔出来，不满意的地方就是不能随车熄火断电，需要手动关机开机画面插在后排接口屏幕显示还可以                                                 
c17c864eb1e64a73bf20e7427466d2b6,0,什么价格？私个联系方式,什么价格？私个联系方式
9d773897dbe741b180892ceb3d725e6c,0,暴晒加通风 其他都不管用,暴晒加通风 其他都不管用
2286c3ac27bd41158cb36146c5168072,0,朋友:地址、改装详单、价格，谢谢!,朋友:地址、改装详单、价格，谢谢!
5779a68e55b24b719de84428bc7fa52e,0,同在深圳，多少提的，怎么不等国六,同在深圳，多少提的，怎么不等国六
ebaab4a59f034eda8b6aae5972866461,1,你好 加个好友吧 我这边也有V260 而且价格很低,你好 加个好友吧 我这边也有V260 而且价格很低
8e6a7815bff64d52b9b3d47a632e069e,0,XT是陆尊包括胖头鱼里的顶配，陆尊现在玩有点老了,XT是陆尊包括胖头鱼里的顶配，陆尊现在玩有点老了
f5ad6d6b492d4b25b1b3777e887bbfef,1,关于GL828T双侧们异响问题,                  车是16年底提的第一批新车，买回来后陆陆续续暴露了不少问题1：刹车的时候有金属撞击声，偶尔有，目前没有刹车失灵的状况2：车载蓝牙系统和中控屏系统都出现不同的故障，有时候蓝牙连不上，有时候得重新匹配，中控屏幕黑屏，死机3：最受不了的双侧中门异响，调试过也没解决，我想问下大家有没有把这个异响解决了的大神，求个方法4：HUD抬头显示参数经常自己变化5：装配工艺太次，副驾驶位前方大台下边的仿皮一用力就能拉下来，大家千万注意，别用脚蹬目前我发现的问题也就这么多，真不希望再有其他问
90f3940dfd8c4512b92fc4f34124d7c9,0,6万5，我要,6万5，我要
9ec5b330c36e4526a26e5647749f8a4e,1,埃尔法的座椅是数一数二的，车的隔音效果也特别好，GL8比不了的毋庸置疑！,埃尔法的座椅是数一数二的，车的隔音效果也特别好，GL8比不了的毋庸置疑！
98b7c56bcb844aa0a0e4e590e80d3a78,0,加我微信15660188808,加我微信15660188808
6398c4e348f7457cabf4d17bfe32a394,0,奔驰威霆改装，西安合正改装航空座椅,　　奔驰威霆改装，西安合正改装航空座椅 　　奔驰威霆合正改装航空座椅采用柔软细腻的真皮全包覆，棕色的皮肤表现出稳重的质感，航空座椅的配置，拥有通风加热，靠背倾斜的功能，中排的航空座椅，可平躺放倒，还多了腿托功能，保证足够的休息。游艇木地板鲜亮又带有复古气息的色彩，给整车内饰带来宁静感。航空座椅和奢华的游艇木地板作为此次改装的亮点，带给整个车厢的安静与干净。    
baad1e7e64254a94861727bfde8481e5,0,不抖说明不是正品,不抖说明不是正品
caaf03b4f438434e8d80a18445dbb3a8,0,本来都准备下手威霆商务的，最近看了G20，感觉要去支持国产了,本来都准备下手威霆商务的，最近看了G20，感觉要去支持国产了
7d2f7f7f692c4fbaa93fa2b27db8a963,0,好多钱哦,好多钱哦
f6f56bfae8724524846bcab4f147a15e,0,您好，您可以加入汽车之家车友圈咨询车友，https://club.autohome.com.cn/cyq/index.html#pvareaid=2023887,您好，您可以加入汽车之家车友圈咨询车友，https://club.autohome.com.cn/cyq/index.html#pvareaid=2023887
5e514d8f89bf458b931eb59012dd6e7b,0,这个屏幕精度高吗,这个屏幕精度高吗
1a4bbba5d9d24995ba39befada5351e6,0,我就喜欢这个中控,我就喜欢这个中控
e81bccf448ea49909b1b8c1f08e5f3c9,0,我有个11年上牌的3.5公里数实际15万,我有个11年上牌的3.5公里数实际15万
dbfe1c069fb041da83980a4846c09253,1,艾力绅车主说GL8。。。,"                  艾力绅坛子里大量的帖子说GL8故障率很高，说GL8的发动机到10万公里漏油概率特别大，十几万公里波箱必定出问题。说如果用个三五年就买个GL8没有太大问题，如果长期使用，就理性购买，最好选择鬼子造的车。说美国人对部件的品控要求严格程度远低于鬼子，GL8买下就开始漫长的修车之旅。我倒是有用美国车的历史，我在2010年3月购买了一款别克新君越2.4豪华版，自从买下，确实就小毛病大毛病不断。买下没几天就开始往四儿子店跑，首先是中控台异响，始终为解决，始终都在响，直到我出手的那一天。那部新君越在我手里用了整整四年，一直都在四儿子店按时保养，细心呵护，每天没事干就在洗车。第二次年检结束时，我的新君越准备出手了，在那之前我的新君越发动机开过，原因是漏油，由于当时过保了，花了五千多大洋。后来我的新君越跑偏，四儿子店维修工给做了四轮定位，在试车的路上，维修师傅说驾驶中感觉变速箱里有问题。在出手之前，我的车由于多次防冻液漏出，先后更换了水箱和水泵。我还计划下手GL8,今天闲来没事正好窜到艾力绅坛子里翻翻，果然看到大量说GL8故障率高，发动机和变速箱的问题。现在我不知道该如何选择了。说实话，我很看好鬼子车的品控和品质，但是不看好艾力绅和奥德赛的后备箱空间，以及第三排座椅头贴后窗的感觉。现在没得可选了。                                                 "
c15ac869f39a49e88f25b2514258c348,1,18款usb问题？,　　看到坛子里面有人说这个usb不认3.0吗，我用了确实是不支持，还有能用usb放视频吗？求懂的解答下！
510b76bc5e364687b9cfb5fcc42b754d,1,13款3.0陆尊。空调问题,　　前挡风玻璃除雾不起作用，自动空调好像也傻了，大冬天开了自动制冷灯就亮了。问了好几家修车的都说修不了。怎么破？
26a003f17f884499aa2b449e8068e07b,1,V级的刹车大家觉得怎么样？,　　前几天试驾奔驰V感觉刹车前段踩去没什么反应家车都这样吗
b544cb63b1d04cb6bfbee889ad46e0dd,1,【叼咋天的别克GL8】大片来袭！+用车感受！,                  选车、买车是几乎让每一个要买车的人都劳心伤神、费时耗力甚至是倍感苦闷的一件“痛快事”。至少，我本人在购买大克时就经历了这样的过程。如今，媒体资讯的发达特别是网络的穿透力量让汽车这个曾经看似神秘的科技产物被脱剥的几近裸体，一切都透明到解剖的级别。只要你能想到某一款车，那么关于它的一切，无论是官方的、民间的、使用者的、旁观者的、有车的、没车的等等等等优劣信息和好坏评价就会铺天盖地涌到你面前。当然，这还不包括车托、车霸等挖坑埋人的蛊惑之词…….。而这其中，外观、油耗、性能、口
614411b96dd1459298590f15379eb6f3,1,秒提GL8豪华版，音响效果失望，档位顿挫感。,　　自从带老婆去北京旅游租GL8老款后老婆回来各种嫌弃我之前福特锐界所以今天卖锐界买GL8锐界才开年半卖有点疼 　　既然目标明确我们就效率刚刚滴从看车到订车到时36.99款天提车紫檀红广州找有现车店没毛钱优惠目前开两千公里 　　最满意就音响那效果听我全身发麻老婆让我改音响加360但我想拆车买几部车每部都东拆西拆 　　第个问题就市区碰到两次串档就像手动挡车离合松快样车子往前串知道什么原因 　　然后发动机声音比我之前锐界喝952100公里半速9.6个油 　　舒适感我老婆说挺反正我痛几天脖子每次换车型要适应座椅
e83d40dccb0545c3baa7dec7649c0758,0,楼主，哪里的车，我青岛的，17年11月白色尊享迈特威,楼主，哪里的车，我青岛的，17年11月白色尊享迈特威
47088dbf13e04bad83b3a6262cd4dc6e,0,陆尊异响,　　陆尊异响 　　陆尊往左转向比较大的时候会有胶皮摩擦的声音。是哪里的问题呢？
bb2091b0062343a28c9f1c6738c1dc69,0,加你了 私信不了,加你了 私信不了
f167a55f900941bb9b0ecb1d24fb8f37,1,竞品比较少，v260怕不好开也没四驱，v250d又太贵也难买，埃尔法贵又小不合适家用,竞品比较少，v260怕不好开也没四驱，v250d又太贵也难买，埃尔法贵又小不合适家用
d9240d7dc848459fac68e769cd3f3cd1,0,很漂亮！！,很漂亮！！
5956688d11024979bfd5c0c04103fcde,0,你关注我！,你关注我！
f5270046b56d4309b881a5530035639c,1,今格儿我呀真高兴呀！别克GL8 Avenir这份大礼让我激动不已...,                  &nbsp;&nbsp;&nbsp;&nbsp;2017年5月18日，星期四/阴，今天是个好日子啊！为啥呢？因为我今天提新车啦.....&nbsp;&nbsp;&nbsp;&nbsp;我现在在做美孚机油的总代理，上个月一直想看一辆商务车，对比了几款后看上了艾力绅，纠结了两天我还是把定金交了！然后我朋友跟我说全新一代GL8豪华商务那款还不错，比你买的艾力绅空间要大得多，外观看上去更有吸引力！我朋友不说我还不知道GL8上新款了，于是我让我朋友带我去看了全新一代GL8豪华商务车！&nbsp;&nbsp;&nbsp;&nbsp;&nbsp;一进店，销售顾问很热情的迎了上来！在销售顾问的介绍后觉得是比艾力绅要好得太多太多了，光看外观就更胜一筹，内室就更不要说了！我对比了几个配置，我更喜欢GL8&nbsp;Avenir私人订制版的这个配置，车身颜色挺吸引人的！然后我就去把艾力绅退了过来订了这款GL8&nbsp;Avenir私人订制版！！听销售顾问说我是在丽江第一个订GL8&nbsp;Avenir私人订制版的车主，心里有点暗暗高兴！昨天跟我说车到店了，可以提车了！昨天我立马就带着车款到店里把钱交，把所有手续都办好！让我今早到店提车....&nbsp;&nbsp;&nbsp;&nbsp;今早到店后，看到我期待的GL8&nbsp;Avenir让我心动不已，这就是我想要的那辆车！让我意外的是丽江金鸿运别克4S店还专门为我弄个交车仪式，让我更是激动不已！鲜花、水果、红酒、礼炮....准备也太充分了！感谢公司的工作人员真挚的服务。&nbsp;&nbsp;&nbsp;&nbsp;越看越喜欢这车了，这鲜花配上GL8&nbsp;Avenir简直美得没话说！昨天回家了解了一下Avenir，在法语中寓意“未来”，是对美好前程的预示！拥有Avenir后希望我在未来的日子里更加美好，伯爵紫的车身颜色更是提升了自身的档次，紫色寓意着优雅、魅力和祥瑞。&nbsp;&nbsp;&nbsp;GL8Avenir的前脸是菱形网状，体现出不凡的气度，加上大大的别克标志和飞翼式镀铬进气格栅，别克标上面还覆盖了一层玻璃样的，显得更加大气！&nbsp;&nbsp;&nbsp;&nbsp;这灯好有层次感，还是双层组合的LED大灯，双眼皮看着更有立体感的哦！给我提供了更好的夜间驾驶安全保障。&nbsp;&nbsp;&nbsp;Avenir独特的轮毂造型，在车身上还有Avenir独特的字母标识！&nbsp;&nbsp;&nbsp;哎哟，忙着拍照！忘记看看车内怎么样了....&nbsp;&nbsp;&nbsp;右边的车门是电动的，有5种开关方式！销售顾问给我介绍了分别在内外门把手、B柱内侧、仪表台开关、遥控钥匙开关...我来了一遍实际操作，看来这挺方便的。&nbsp;&nbsp;&nbsp;&nbsp;顶部的氛围灯光，让我放松了紧张心情。这个设计很温馨，在一天繁忙的工作之后会觉得很舒心！前排的空间也很宽敞！坐在最后一排往前看，视野很广！最后一排坐4个瘦子完全没问题。座椅的头枕上也有Avenir独特的字母标识！上面说了我对GL8&nbsp;Avenir的简单了解，具体的还要等我真正用车之后才知道！你看销售顾问擦得多认真，把我的车里里外外擦得干干净净的。怕把车踩脏了，脚上还套了塑料！这服务得点个赞！&nbsp;&nbsp;&nbsp;&nbsp;Avenir的地毯也是绒的，已经达到了居家级的地毯品质，踩上去超柔软的，感觉是在家的感觉。厂家还赠送了大礼包，里面有头枕、抱枕、拖鞋....好贴心啊&nbsp;&nbsp;&nbsp;好了！交车仪式正式开始....&nbsp;&nbsp;&nbsp;这有点太正式了，还没反应过来呢！&nbsp;&nbsp;&nbsp;&nbsp;别克厂家还送了一张黑卡给我，售后的服务站长在给我介绍黑卡的细则，而且可享受一份6年12万公里车辆全生命周期的养车无忧计划的哦。哎哟，车太长了！有点出不来，得倒一把...终于出来了，我要开着新车接媳妇去了！让她体验一下GL8&nbsp;Avenir的私人尊贵专属服务！非常感谢公司为我举行这么隆重的交车仪式和贴心的服务！给五星好评☆☆☆☆☆                                                 
0781bd2b7f9743f5b3e43737a4be82ee,0,新款什么时候上市？,                                      &#xed93;家有没有知道新款什么时候上市？指导下                      
28cdff3dd5094b09814ecada409144f2,0,贴100张膜，脏一回撕一张。,贴100张膜，脏一回撕一张。
95fd02502c90493dab035cc93881367d,0,你这帖子都上了新浪汽车新闻了,你这帖子都上了新浪汽车新闻了
b86af1d21cb044469b563cb03818138f,0,在中排和后排顶上,在中排和后排顶上
176be4362aee4553a912502ea629e4e5,0,店在上海哪,店在上海哪
60e425b1dfd5414b990663bbb4f1be37,0,知欲圆，行欲方；别克GL8Avenir诠释大器之才,　　Avenir车身独有的伯爵紫配以前脸的专属立体网状格栅，充满科技元素设计的展翼型全LED前大灯与尾灯，为整车的时尚感增色不少；短前悬、长后悬的车身规划，在保证轴距不变的情况下，使车内空间得到进一步拓展；俯冲式的双腰线配合悬浮式D柱设计，令视觉效果更加灵动、自然。车内的专属立体菱格纹内饰面板，座椅独立自动空调+加热+按摩，畅享随心的电源接口装配、柔顺触感的麂皮车衬包裹、精心调配的BOSS音响以及18色可调式内氛围灯等等这些细节上的提升和处理全方位地展现出别克全新GL8Avenir的精致品位和奢华享受。
f0f4cfc2719a442083667628f2d88cf7,0,窗户都没关,窗户都没关
b2d0a6bba6274491bc8bbf1c6d5eeacb,0,哥们大庆哪里提的车,哥们大庆哪里提的车
e8a52c552f6a462b93e8f0c398cb489f,0,这个具体优惠价格还是要看你怎么和销售砍价的哦，还有当地各家经销商的优惠活动而定的,这个具体优惠价格还是要看你怎么和销售砍价的哦，还有当地各家经销商的优惠活动而定的
1b27faa7deca449a81d71cb06deea908,0,那么最后选的什么车呢,那么最后选的什么车呢
7fc296f704e54b978dcf4abf2e80a59e,0,加装过电器设备吗？刚过质保一个月,加装过电器设备吗？刚过质保一个月
6694718be2924569864a77c1a0859f63,0,除了GL8外，其他通用内购统统6-6.5折,　　为何GL8不打折呀
ca54e1957aaf4ad0b74843e19259a860,0,老八换ZF采埃孚 AG6自动变速箱油,　　老八换ZF采埃孚 AG6自动变速箱油 　　05年老八变速箱油换ZF采埃孚 AG6自动变速箱油   　　八小桶  　　拆开后  　　天猫旗舰店买的应该是正品  　　准备开战  　　朋友开的修理店 　　朋友帮我清理油底，换下来的油感觉是酱油的颜色  　　加油中
65a33b73767745e4b51d3f8993202dbf,0,【国六GL8】大白新车简单图片作业【改装篇】作业第二篇,"　　买这个车不为别的，就是因为家里需要，家里二胎，加上老人，SUV已经无法满足家里需求！ 　　选车的时候还是选了很久，一开始是考虑艾力绅，但是对日本车感觉还是不放心！ 　　最终选择了别克GL8这个车，别克GL8最为顶级的MPV典范，座椅宽大，空间大，外形内饰豪华，舒适，动力充沛，口碑，被称完美MPV！ 　　由于家里才刚装修完，经济有点不允许，所以选择了新款舒适版28.99万最低配置。 　　然后就定车，国六没有现车，只能等，等啊等 等啊等，就入了改装坑了！！！论坛上各种改装，眼花缭乱，车没到不急，继续潜水！！！ 　　经过几天的了解，确定了改装方案，但还是超出了预算，最后咬咬牙，拿了自己多年藏起来的私房钱出来凑了。。。还不能让老婆知道 　　多方面了解，改装后不影响验车，所有提新车了就直接开过去改装！！见证改装的全部过程，拍照记录。 　　以下作业全部都是个人辛苦6.7小时，排片，码字，望版主能点石成金！！！！射个精华  　　前场节奏。。。。。施工现场     　　果然专业就是不一样，一天全部玩活，以前家里的轿车去包个真皮都得整整一天， 　　现在怎么大的商务车大改一天就完事了，牛批            　　我的新车。。。。。。给你升级    　　很认真的看施工单，准备大干一场    　　师傅表情很到位！   　　门内加隔音   　　原车低皮，想个光头             　　这天气，补质真的座不了，热热热     　　1..品牌右电门 　　品牌左电门 　　品牌电尾门 　　2..原厂高配顶棚控制面板 　　3..原厂AV内饰板7件套 　　4..原厂高配液晶中控面板 　　4..原厂64色氛围灯 　　5..原厂折叠后视镜 　　6..原厂前雷达 　　7..无钥匙进入+前电吸门 　　8..加大加宽扶手箱 　　9..海拉五氙气灯 　　10..柚木地板+全车隔音 　　11..品牌夜视王360全景+屏幕解码器 　　12..七彩九宫格 　　13..品牌安卓系统吸顶电视 　　14..LED迎宾踏板+轨道条 　　15..前排主副电动座椅 　　中排座椅+电动腿拖-电动靠背 　　全车座椅包真皮 　　原厂AV内饰板7件套 　　原车黄纹面板实在是不喜欢，看了很多改了AV内饰面板非常好看，对比了之后，果断就改了。         　　阳光下，发出粉色    　　品牌夜视王360全景+屏幕解码器 　　还是那句话，家中婆娘偶然会开，这车车身太多了，安装个全景是非常有必要的，既能当全景看也能当全景记录仪！！！经济  实用！  　　前方高能，有人有人   　　后面也有人，嘿嘿    　　录制效果，随时调视频出来看  　　三个电动门 　　买这个车就是为了家里人，中门跟尾门实在太重了，考虑了家中老人跟小孩，选择了改三个电动门 　　智能防夹，电吸门，都非常好，用得也放心。开关控制也挺多的，顶棚控制，B柱控制，门把控制，钥匙控制，挺实用的。  　　贴个标，告诉家人，它是电动门    　　尾门的开关   　　对比一下原车没电动杆子跟有电动的杆子！  　　原车面板，看着好单调   　　换上高配的  　　漂亮，没毛病。控制三电门不是梦。。。 　　原厂64色氛围灯 　　打算加个的白色氛围灯，店家说换64色的好，可以随便调色，最后经不过64色的诱惑，选择了改64色的氛围灯。  　　单调的冰蓝色    　　氛围灯配上九宫格   　　加大加宽扶手箱 　　原厂扶手箱挺漂亮的，就是储物的东西太少了，还特别低，价格也挺贵，最好选了加大又加宽扶手箱，挺实用，价格便宜，值了！    　　海拉五透镜氙气灯 　　原车卤素灯，特别暗，散光，加上自己本身就有点近视，大灯改是得改。 　　听了店家的推荐，改了海拉五氙气灯，以后也不会影响到验车，效果特别棒，秒杀LED灯,看晚上效果！！！秒杀远光够！  　　原车卤素大灯。原车卤素大灯。原车卤素大灯。原车卤素大灯。原车卤素大灯。原车卤素大灯。原车卤素大灯。原车卤素大灯。原车卤素大灯。原车卤素大灯。原车卤素大灯。原车卤素大灯。原车卤素大灯。原车卤素大灯。 　　马上就把你换了，气人    　　卤素，你看看别人家的海拉灯。。。。羞愧吗???  　　你往下看看他的效果   　　拍照前我是拒绝的，太伤眼睛了。早知道带个墨镜   　　瞎了瞎了！  　　无光   　　近光   　　远光  　　木地板脚踏，木地板就得配上木地脚踏，天生是一对的  　　舒服   　　七彩九宫格 　　低配是没有双天窗的，中排索性就改个九宫格，第三排没有照亮灯，暗暗的，小孩害怕。开上九宫格也就都亮起来了！！   　　听亮  　　白色灯光亮度   　　五颜六色。。。。。眼睛都慌了     　　LED迎宾踏板+轨道条 　　就当做是装饰用了，挺漂亮的！     　　LED灯，挺美  　　柚木地板+全车隔音 　　纯天然柚木地板必改，易清洗，防水耐脏，没有异味做工也挺细致，看上来也特别大气上档次！！！非常满意 　　拆出来后，看都得都是光秃秃的铁皮，隔音也就贴上了，降低噪音！  　　前排木地脚垫      　　无一点缝隙，完美   　　无一点缝隙，完美   　　无一点缝隙，完美  　　原厂前雷达 　　家中婆娘偶然会开，地方位置预判不准确，前后雷达都得给她备上，省的磕着碰着了，安全实用第一！！！  　　前后显示效果。。  　　原厂无色差6个前探头    　　无钥匙进入+前电吸门 　　有了无钥匙进入方便了很多，在也不用每次开车停车都套钥匙出来了，轻轻一按即可解决。。 　　无钥匙都改了那电吸门也是必备的，就算门关不上，自己还能电吸起来，跟宝马奔驰一样，挺牛的！！  　　无钥匙+高配门把   　　亮，漂亮   　　电吸门效果。。。实用   　　电吸门效果。。。实用   　　电吸门效果。。。实用   　　电吸门效果。。。实用  　　品牌安卓系统吸顶电视 　　可以给小孩子看电视，不然每次坐车吵吵闹闹的，烦！！！！！！！ 　　可以手机投屏也可以网络看电影电视。   　　高配原厂液晶中控面板。。对比。。高配的就是牛逼   　　老婆说漂亮，得改。。。我这腰包受不了阿    　　确实漂亮  　　原厂折叠后视镜 　　有过之前的一次教训，停好车忘记把耳朵折起来，隔天被撞掉了，所以电动折叠得改，锁车就自动折叠起来，方便实用！！  　　看下效果   　　收耳朵。。嘿嘿   　　前排主副电动座椅+座椅电加热 　　中排座椅+电动腿拖-电动靠背 　　全车座椅包真皮 　　原车座椅没有电动，没有加热，没有真皮，没有腿拖。。这些做主要的座椅居然缺点怎么多，全车座椅也得改！！！看图片效果！  　　电动按钮   　　方便。实用  　　全车座椅真皮，打菱形，边线也要美美的      　　认证神器   　　先开一段时间，在上第三篇开车感受作业！！！！ 　　以上作业全部都是个人辛苦6.7小时，排片，码字，望版主能点石成金！！！！谢谢"
